Workbook

Sheet Semana 1
C2: Entrenador/a | D2: Tu nombre y apellido | F2: Fecha de hoy | I2: =TODAY() -> 46305 | P2: Semanas trascurridas
C3: Nombre del alumno | D3: El nombre y apellido del alumno | F3: Fecha de inicio | I3: 45901 | P3: =INT((DATEDIF($I$3,$I$2,"D")/7)) -> 57
C4: Objetivo del alumno | D4: El objetivo del alumno (pérdida de peso, aumento de la fuerza, mejora de la resistencia, etc.)
B6: DÍA 1: ESTRUCTURA | F6: Series | G6: RIR/RPE | H6: Descanso | I6: Serie 1 | K6: Serie 2 | M6: Serie 3 | O6: Serie 4 | Q6: Serie 5 | S6: Tonelaje
B7: Notas del alumno | C7: Categoría de ejercicio | D7: Ejercicios | E7: Feedback Técnico | I7: Reps | J7: Kg | K7: Reps | L7: Kg | M7: Reps | N7: Kg | O7: Reps | P7: Kg | Q7: Reps | R7: Kg
S8: =I8*J8+K8*L8+M8*N8+O8*P8+Q8*R8 -> 0
S9: =I9*J9+K9*L9+M9*N9+O9*P9+Q9*R9 -> 0
S10: =I10*J10+K10*L10+M10*N10+O10*P10+Q10*R10 -> 0
S11: =I11*J11+K11*L11+M11*N11+O11*P11+Q11*R11 -> 0
S12: =I12*J12+K12*L12+M12*N12+O12*P12+Q12*R12 -> 0
S13: =I13*J13+K13*L13+M13*N13+O13*P13+Q13*R13 -> 0
S14: =I14*J14+K14*L14+M14*N14+O14*P14+Q14*R14 -> 0
S15: =I15*J15+K15*L15+M15*N15+O15*P15+Q15*R15 -> 0
B16: Duración de la sesión | D16: DOMS | F16: GRUPO MUSCULAR | M16: PESAJE DEL DÍA | Q16: ESFUERZO GRAL.
B18: DÍA 2: ESTRUCTURA | F18: Series | G18: RIR/RPE | H18: Descanso | I18: Serie 1 | K18: Serie 2 | M18: Serie 3 | O18: Serie 4 | Q18: Serie 5 | S18: Tonelaje
B19: Notas del alumno | C19: Categoría de ejercicio | D19: Ejercicios | E19: Feedback Técnico | I19: Reps | J19: Kg | K19: Reps | L19: Kg | M19: Reps | N19: Kg | O19: Reps | P19: Kg | Q19: Reps | R19: Kg
S20: =I20*J20+K20*L20+M20*N20+O20*P20+Q20*R20 -> 0
S21: =I21*J21+K21*L21+M21*N21+O21*P21+Q21*R21 -> 0
S22: =I22*J22+K22*L22+M22*N22+O22*P22+Q22*R22 -> 0
S23: =I23*J23+K23*L23+M23*N23+O23*P23+Q23*R23 -> 0
S24: =I24*J24+K24*L24+M24*N24+O24*P24+Q24*R24 -> 0
S25: =I25*J25+K25*L25+M25*N25+O25*P25+Q25*R25 -> 0
S26: =I26*J26+K26*L26+M26*N26+O26*P26+Q26*R26 -> 0
S27: =I27*J27+K27*L27+M27*N27+O27*P27+Q27*R27 -> 0
B28: Duración de la sesión | D28: DOMS | F28: GRUPO MUSCULAR | M28: PESAJE DEL DÍA | Q28: ESFUERZO GRAL.
B30: DÍA 3: ESTRUCTURA | F30: Series | G30: RIR/RPE | H30: Descanso | I30: Serie 1 | K30: Serie 2 | M30: Serie 3 | O30: Serie 4 | Q30: Serie 5 | S30: Tonelaje
B31: Notas del alumno | C31: Categoría de ejercicio | D31: Ejercicios | E31: Feedback Técnico | I31: Reps | J31: Kg | K31: Reps | L31: Kg | M31: Reps | N31: Kg | O31: Reps | P31: Kg | Q31: Reps | R31: Kg
S32: =I32*J32+K32*L32+M32*N32+O32*P32+Q32*R32 -> 0
S33: =I33*J33+K33*L33+M33*N33+O33*P33+Q33*R33 -> 0
S34: =I34*J34+K34*L34+M34*N34+O34*P34+Q34*R34 -> 0
S35: =I35*J35+K35*L35+M35*N35+O35*P35+Q35*R35 -> 0
S36: =I36*J36+K36*L36+M36*N36+O36*P36+Q36*R36 -> 0
S37: =I37*J37+K37*L37+M37*N37+O37*P37+Q37*R37 -> 0
S38: =I38*J38+K38*L38+M38*N38+O38*P38+Q38*R38 -> 0
S39: =I39*J39+K39*L39+M39*N39+O39*P39+Q39*R39 -> 0
B40: Duración de la sesión | D40: DOMS | F40: GRUPO MUSCULAR | M40: PESAJE DEL DÍA | Q40: ESFUERZO GRAL.
B42: DÍA 4: ESTRUCTURA | F42: Series | G42: RIR/RPE | H42: Descanso | I42: Serie 1 | K42: Serie 2 | M42: Serie 3 | O42: Serie 4 | Q42: Serie 5 | S42: Tonelaje
B43: Notas del alumno | C43: Categoría de ejercicio | D43: Ejercicios | E43: Feedback Técnico | I43: Reps | J43: Kg | K43: Reps | L43: Kg | M43: Reps | N43: Kg | O43: Reps | P43: Kg | Q43: Reps | R43: Kg
S44: =I44*J44+K44*L44+M44*N44+O44*P44+Q44*R44 -> 0
S45: =I45*J45+K45*L45+M45*N45+O45*P45+Q45*R45 -> 0
S46: =I46*J46+K46*L46+M46*N46+O46*P46+Q46*R46 -> 0
S47: =I47*J47+K47*L47+M47*N47+O47*P47+Q47*R47 -> 0
S48: =I48*J48+K48*L48+M48*N48+O48*P48+Q48*R48 -> 0
S49: =I49*J49+K49*L49+M49*N49+O49*P49+Q49*R49 -> 0
S50: =I50*J50+K50*L50+M50*N50+O50*P50+Q50*R50 -> 0
S51: =I51*J51+K51*L51+M51*N51+O51*P51+Q51*R51 -> 0
B52: Duración de la sesión | D52: DOMS | F52: GRUPO MUSCULAR | M52: PESAJE DEL DÍA | Q52: ESFUERZO GRAL.
B54: DÍA 5: ESTRUCTURA | F54: Series | G54: RIR/RPE | H54: Descanso | I54: Serie 1 | K54: Serie 2 | M54: Serie 3 | O54: Serie 4 | Q54: Serie 5 | S54: Tonelaje
B55: Notas del alumno | C55: Categoría de ejercicio | D55: Ejercicios | E55: Feedback Técnico | I55: Reps | J55: Kg | K55: Reps | L55: Kg | M55: Reps | N55: Kg | O55: Reps | P55: Kg | Q55: Reps | R55: Kg
S56: =I56*J56+K56*L56+M56*N56+O56*P56+Q56*R56 -> 0
S57: =I57*J57+K57*L57+M57*N57+O57*P57+Q57*R57 -> 0
S58: =I58*J58+K58*L58+M58*N58+O58*P58+Q58*R58 -> 0
S59: =I59*J59+K59*L59+M59*N59+O59*P59+Q59*R59 -> 0
S60: =I60*J60+K60*L60+M60*N60+O60*P60+Q60*R60 -> 0
S61: =I61*J61+K61*L61+M61*N61+O61*P61+Q61*R61 -> 0
S62: =I62*J62+K62*L62+M62*N62+O62*P62+Q62*R62 -> 0
S63: =I63*J63+K63*L63+M63*N63+O63*P63+Q63*R63 -> 0
B64: Duración de la sesión | D64: DOMS | F64: GRUPO MUSCULAR | M64: PESAJE DEL DÍA | Q64: ESFUERZO GRAL.
B66: DÍA 6: ESTRUCTURA | F66: Series | G66: RIR/RPE | H66: Descanso | I66: Serie 1 | K66: Serie 2 | M66: Serie 3 | O66: Serie 4 | Q66: Serie 5 | S66: Tonelaje
B67: Notas del alumno | C67: Categoría de ejercicio | D67: Ejercicios | E67: Feedback Técnico | I67: Reps | J67: Kg | K67: Reps | L67: Kg | M67: Reps | N67: Kg | O67: Reps | P67: Kg | Q67: Reps | R67: Kg
S68: =I68*J68+K68*L68+M68*N68+O68*P68+Q68*R68 -> 0
S69: =I69*J69+K69*L69+M69*N69+O69*P69+Q69*R69 -> 0
S70: =I70*J70+K70*L70+M70*N70+O70*P70+Q70*R70 -> 0
S71: =I71*J71+K71*L71+M71*N71+O71*P71+Q71*R71 -> 0
S72: =I72*J72+K72*L72+M72*N72+O72*P72+Q72*R72 -> 0
S73: =I73*J73+K73*L73+M73*N73+O73*P73+Q73*R73 -> 0
S74: =I74*J74+K74*L74+M74*N74+O74*P74+Q74*R74 -> 0
S75: =I75*J75+K75*L75+M75*N75+O75*P75+Q75*R75 -> 0
B76: Duración de la sesión | D76: DOMS | F76: GRUPO MUSCULAR | M76: PESAJE DEL DÍA | Q76: ESFUERZO GRAL.
M79: PESO PROMEDIO SEMANA | P79: =IFERROR(AVERAGE(O16,O28,O40,O52,O64,O76),"0,0 KG") -> 0,0 KG

Sheet Semana 2
C2: Entrenador/a | D2: ='Semana 1'!D2 -> Tu nombre y apellido | F2: Fecha de hoy | I2: =TODAY() -> 46305 | P2: Semanas trascurridas
C3: Nombre del alumno | D3: ='Semana 1'!D3 -> El nombre y apellido del alumno | F3: Fecha de inicio | I3: ='Semana 1'!I3 -> 45901 | P3: ='Semana 1'!P3 -> 57
B5: ='Semana 1'!B6 -> DÍA 1: ESTRUCTURA | F5: Series | G5: RIR/RPE | H5: Descanso | I5: Serie 1 | K5: Serie 2 | M5: Serie 3 | O5: Serie 4 | Q5: Serie 5 | S5: Tonelaje
B6: Notas del alumno | C6: Categoría de ejercicio | D6: Ejercicios | E6: Feedback Técnico | I6: Reps | J6: Kg | K6: Reps | L6: Kg | M6: Reps | N6: Kg | O6: Reps | P6: Kg | Q6: Reps | R6: Kg
C7: ='Semana 1'!C8 | D7: ='Semana 1'!D8 | F7: ='Semana 1'!F8 | G7: ='Semana 1'!G8 | H7: ='Semana 1'!H8 | I7: ='Semana 1'!I8 | J7: ='Semana 1'!J8 | K7: ='Semana 1'!K8 | L7: ='Semana 1'!L8 | M7: ='Semana 1'!M8 | ... R7: ='Semana 1'!R8 | S7: =I7*J7+K7*L7+M7*N7+O7*P7+Q7*R7 -> 0
C8: ='Semana 1'!C9 | D8: ='Semana 1'!D9 | F8: ='Semana 1'!F9 | G8: ='Semana 1'!G9 | H8: ='Semana 1'!H9 | I8: ='Semana 1'!I9 | J8: ='Semana 1'!J9 | K8: ='Semana 1'!K9 | L8: ='Semana 1'!L9 | M8: ='Semana 1'!M9 | ... R8: ='Semana 1'!R9 | S8: =I8*J8+K8*L8+M8*N8+O8*P8+Q8*R8 -> 0
C9: ='Semana 1'!C10 | D9: ='Semana 1'!D10 | F9: ='Semana 1'!F10 | G9: ='Semana 1'!G10 | H9: ='Semana 1'!H10 | I9: ='Semana 1'!I10 | J9: ='Semana 1'!J10 | K9: ='Semana 1'!K10 | L9: ='Semana 1'!L10 | M9: ='Semana 1'!M10 | ... R9: ='Semana 1'!R10 | S9: =I9*J9+K9*L9+M9*N9+O9*P9+Q9*R9 -> 0
C10: ='Semana 1'!C11 | D10: ='Semana 1'!D11 | F10: ='Semana 1'!F11 | G10: ='Semana 1'!G11 | H10: ='Semana 1'!H11 | I10: ='Semana 1'!I11 | J10: ='Semana 1'!J11 | K10: ='Semana 1'!K11 | L10: ='Semana 1'!L11 | M10: ='Semana 1'!M11 | ... R10: ='Semana 1'!R11 | S10: =I10*J10+K10*L10+M10*N10+O10*P10+Q10*R10 -> 0
C11: ='Semana 1'!C12 | D11: ='Semana 1'!D12 | F11: ='Semana 1'!F12 | G11: ='Semana 1'!G12 | H11: ='Semana 1'!H12 | I11: ='Semana 1'!I12 | J11: ='Semana 1'!J12 | K11: ='Semana 1'!K12 | L11: ='Semana 1'!L12 | M11: ='Semana 1'!M12 | ... R11: ='Semana 1'!R12 | S11: =I11*J11+K11*L11+M11*N11+O11*P11+Q11*R11 -> 0
C12: ='Semana 1'!C13 | D12: ='Semana 1'!D13 | F12: ='Semana 1'!F13 | G12: ='Semana 1'!G13 | H12: ='Semana 1'!H13 | I12: ='Semana 1'!I13 | J12: ='Semana 1'!J13 | K12: ='Semana 1'!K13 | L12: ='Semana 1'!L13 | M12: ='Semana 1'!M13 | ... R12: ='Semana 1'!R13 | S12: =I12*J12+K12*L12+M12*N12+O12*P12+Q12*R12 -> 0
C13: ='Semana 1'!C14 | D13: ='Semana 1'!D14 | F13: ='Semana 1'!F14 | G13: ='Semana 1'!G14 | H13: ='Semana 1'!H14 | I13: ='Semana 1'!I14 | J13: ='Semana 1'!J14 | K13: ='Semana 1'!K14 | L13: ='Semana 1'!L14 | M13: ='Semana 1'!M14 | ... R13: ='Semana 1'!R14 | S13: =I13*J13+K13*L13+M13*N13+O13*P13+Q13*R13 -> 0
C14: ='Semana 1'!C15 | D14: ='Semana 1'!D15 | F14: ='Semana 1'!F15 | G14: ='Semana 1'!G15 | H14: ='Semana 1'!H15 | I14: ='Semana 1'!I15 | J14: ='Semana 1'!J15 | K14: ='Semana 1'!K15 | L14: ='Semana 1'!L15 | M14: ='Semana 1'!M15 | ... R14: ='Semana 1'!R15 | S14: =I14*J14+K14*L14+M14*N14+O14*P14+Q14*R14 -> 0
B15: Duración de la sesión | D15: DOMS | F15: GRUPO MUSCULAR | M15: PESAJE DEL DÍA | Q15: ESFUERZO GRAL.
B17: ='Semana 1'!B18 -> DÍA 2: ESTRUCTURA | F17: Series | G17: RIR/RPE | H17: Descanso | I17: Serie 1 | K17: Serie 2 | M17: Serie 3 | O17: Serie 4 | Q17: Serie 5 | S17: Tonelaje
B18: Notas del alumno | C18: Categoría de ejercicio | D18: Ejercicios | E18: Feedback Técnico | I18: Reps | J18: Kg | K18: Reps | L18: Kg | M18: Reps | N18: Kg | O18: Reps | P18: Kg | Q18: Reps | R18: Kg
C19: ='Semana 1'!C20 | D19: ='Semana 1'!D20 | F19: ='Semana 1'!F20 | G19: ='Semana 1'!G20 | H19: ='Semana 1'!H20 | I19: ='Semana 1'!I20 | J19: ='Semana 1'!J20 | K19: ='Semana 1'!K20 | L19: ='Semana 1'!L20 | M19: ='Semana 1'!M20 | ... R19: ='Semana 1'!R20 | S19: =I19*J19+K19*L19+M19*N19+O19*P19+Q19*R19 -> 0
C20: ='Semana 1'!C21 | D20: ='Semana 1'!D21 | F20: ='Semana 1'!F21 | G20: ='Semana 1'!G21 | H20: ='Semana 1'!H21 | I20: ='Semana 1'!I21 | J20: ='Semana 1'!J21 | K20: ='Semana 1'!K21 | L20: ='Semana 1'!L21 | M20: ='Semana 1'!M21 | ... R20: ='Semana 1'!R21 | S20: =I20*J20+K20*L20+M20*N20+O20*P20+Q20*R20 -> 0
C21: ='Semana 1'!C22 | D21: ='Semana 1'!D22 | F21: ='Semana 1'!F22 | G21: ='Semana 1'!G22 | H21: ='Semana 1'!H22 | I21: ='Semana 1'!I22 | J21: ='Semana 1'!J22 | K21: ='Semana 1'!K22 | L21: ='Semana 1'!L22 | M21: ='Semana 1'!M22 | ... R21: ='Semana 1'!R22 | S21: =I21*J21+K21*L21+M21*N21+O21*P21+Q21*R21 -> 0
C22: ='Semana 1'!C23 | D22: ='Semana 1'!D23 | F22: ='Semana 1'!F23 | G22: ='Semana 1'!G23 | H22: ='Semana 1'!H23 | I22: ='Semana 1'!I23 | J22: ='Semana 1'!J23 | K22: ='Semana 1'!K23 | L22: ='Semana 1'!L23 | M22: ='Semana 1'!M23 | ... R22: ='Semana 1'!R23 | S22: =I22*J22+K22*L22+M22*N22+O22*P22+Q22*R22 -> 0
C23: ='Semana 1'!C24 | D23: ='Semana 1'!D24 | F23: ='Semana 1'!F24 | G23: ='Semana 1'!G24 | H23: ='Semana 1'!H24 | I23: ='Semana 1'!I24 | J23: ='Semana 1'!J24 | K23: ='Semana 1'!K24 | L23: ='Semana 1'!L24 | M23: ='Semana 1'!M24 | ... R23: ='Semana 1'!R24 | S23: =I23*J23+K23*L23+M23*N23+O23*P23+Q23*R23 -> 0
C24: ='Semana 1'!C25 | D24: ='Semana 1'!D25 | F24: ='Semana 1'!F25 | G24: ='Semana 1'!G25 | H24: ='Semana 1'!H25 | I24: ='Semana 1'!I25 | J24: ='Semana 1'!J25 | K24: ='Semana 1'!K25 | L24: ='Semana 1'!L25 | M24: ='Semana 1'!M25 | ... R24: ='Semana 1'!R25 | S24: =I24*J24+K24*L24+M24*N24+O24*P24+Q24*R24 -> 0
C25: ='Semana 1'!C26 | D25: ='Semana 1'!D26 | F25: ='Semana 1'!F26 | G25: ='Semana 1'!G26 | H25: ='Semana 1'!H26 | I25: ='Semana 1'!I26 | J25: ='Semana 1'!J26 | K25: ='Semana 1'!K26 | L25: ='Semana 1'!L26 | M25: ='Semana 1'!M26 | ... R25: ='Semana 1'!R26 | S25: =I25*J25+K25*L25+M25*N25+O25*P25+Q25*R25 -> 0
C26: ='Semana 1'!C27 | D26: ='Semana 1'!D27 | F26: ='Semana 1'!F27 | G26: ='Semana 1'!G27 | H26: ='Semana 1'!H27 | I26: ='Semana 1'!I27 | J26: ='Semana 1'!J27 | K26: ='Semana 1'!K27 | L26: ='Semana 1'!L27 | M26: ='Semana 1'!M27 | ... R26: ='Semana 1'!R27 | S26: =I26*J26+K26*L26+M26*N26+O26*P26+Q26*R26 -> 0
B27: Duración de la sesión | D27: DOMS | F27: GRUPO MUSCULAR | M27: PESAJE DEL DÍA | Q27: ESFUERZO GRAL.
B29: ='Semana 1'!B30 -> DÍA 3: ESTRUCTURA | F29: Series | G29: RIR/RPE | H29: Descanso | I29: Serie 1 | K29: Serie 2 | M29: Serie 3 | O29: Serie 4 | Q29: Serie 5 | S29: Tonelaje
B30: Notas del alumno | C30: Categoría de ejercicio | D30: Ejercicios | E30: Feedback Técnico | I30: Reps | J30: Kg | K30: Reps | L30: Kg | M30: Reps | N30: Kg | O30: Reps | P30: Kg | Q30: Reps | R30: Kg
C31: ='Semana 1'!C32 | D31: ='Semana 1'!D32 | F31: ='Semana 1'!F32 | G31: ='Semana 1'!G32 | H31: ='Semana 1'!H32 | I31: ='Semana 1'!I32 | J31: ='Semana 1'!J32 | K31: ='Semana 1'!K32 | L31: ='Semana 1'!L32 | M31: ='Semana 1'!M32 | ... R31: ='Semana 1'!R32 | S31: =I31*J31+K31*L31+M31*N31+O31*P31+Q31*R31 -> 0
C32: ='Semana 1'!C33 | D32: ='Semana 1'!D33 | F32: ='Semana 1'!F33 | G32: ='Semana 1'!G33 | H32: ='Semana 1'!H33 | I32: ='Semana 1'!I33 | J32: ='Semana 1'!J33 | K32: ='Semana 1'!K33 | L32: ='Semana 1'!L33 | M32: ='Semana 1'!M33 | ... R32: ='Semana 1'!R33 | S32: =I32*J32+K32*L32+M32*N32+O32*P32+Q32*R32 -> 0
C33: ='Semana 1'!C34 | D33: ='Semana 1'!D34 | F33: ='Semana 1'!F34 | G33: ='Semana 1'!G34 | H33: ='Semana 1'!H34 | I33: ='Semana 1'!I34 | J33: ='Semana 1'!J34 | K33: ='Semana 1'!K34 | L33: ='Semana 1'!L34 | M33: ='Semana 1'!M34 | ... R33: ='Semana 1'!R34 | S33: =I33*J33+K33*L33+M33*N33+O33*P33+Q33*R33 -> 0
C34: ='Semana 1'!C35 | D34: ='Semana 1'!D35 | F34: ='Semana 1'!F35 | G34: ='Semana 1'!G35 | H34: ='Semana 1'!H35 | I34: ='Semana 1'!I35 | J34: ='Semana 1'!J35 | K34: ='Semana 1'!K35 | L34: ='Semana 1'!L35 | M34: ='Semana 1'!M35 | ... R34: ='Semana 1'!R35 | S34: =I34*J34+K34*L34+M34*N34+O34*P34+Q34*R34 -> 0
C35: ='Semana 1'!C36 | D35: ='Semana 1'!D36 | F35: ='Semana 1'!F36 | G35: ='Semana 1'!G36 | H35: ='Semana 1'!H36 | I35: ='Semana 1'!I36 | J35: ='Semana 1'!J36 | K35: ='Semana 1'!K36 | L35: ='Semana 1'!L36 | M35: ='Semana 1'!M36 | ... R35: ='Semana 1'!R36 | S35: =I35*J35+K35*L35+M35*N35+O35*P35+Q35*R35 -> 0
C36: ='Semana 1'!C37 | D36: ='Semana 1'!D37 | F36: ='Semana 1'!F37 | G36: ='Semana 1'!G37 | H36: ='Semana 1'!H37 | I36: ='Semana 1'!I37 | J36: ='Semana 1'!J37 | K36: ='Semana 1'!K37 | L36: ='Semana 1'!L37 | M36: ='Semana 1'!M37 | ... R36: ='Semana 1'!R37 | S36: =I36*J36+K36*L36+M36*N36+O36*P36+Q36*R36 -> 0
C37: ='Semana 1'!C38 | D37: ='Semana 1'!D38 | F37: ='Semana 1'!F38 | G37: ='Semana 1'!G38 | H37: ='Semana 1'!H38 | I37: ='Semana 1'!I38 | J37: ='Semana 1'!J38 | K37: ='Semana 1'!K38 | L37: ='Semana 1'!L38 | M37: ='Semana 1'!M38 | ... R37: ='Semana 1'!R38 | S37: =I37*J37+K37*L37+M37*N37+O37*P37+Q37*R37 -> 0
C38: ='Semana 1'!C39 | D38: ='Semana 1'!D39 | F38: ='Semana 1'!F39 | G38: ='Semana 1'!G39 | H38: ='Semana 1'!H39 | I38: ='Semana 1'!I39 | J38: ='Semana 1'!J39 | K38: ='Semana 1'!K39 | L38: ='Semana 1'!L39 | M38: ='Semana 1'!M39 | ... R38: ='Semana 1'!R39 | S38: =I38*J38+K38*L38+M38*N38+O38*P38+Q38*R38 -> 0
B39: Duración de la sesión | D39: DOMS | F39: GRUPO MUSCULAR | M39: PESAJE DEL DÍA | Q39: ESFUERZO GRAL.
B41: ='Semana 1'!B42 -> DÍA 4: ESTRUCTURA | F41: Series | G41: RIR/RPE | H41: Descanso | I41: Serie 1 | K41: Serie 2 | M41: Serie 3 | O41: Serie 4 | Q41: Serie 5 | S41: Tonelaje
B42: Notas del alumno | C42: Categoría de ejercicio | D42: Ejercicios | E42: Feedback Técnico | I42: Reps | J42: Kg | K42: Reps | L42: Kg | M42: Reps | N42: Kg | O42: Reps | P42: Kg | Q42: Reps | R42: Kg
C43: ='Semana 1'!C44 | D43: ='Semana 1'!D44 | F43: ='Semana 1'!F44 | G43: ='Semana 1'!G44 | H43: ='Semana 1'!H44 | I43: ='Semana 1'!I44 | J43: ='Semana 1'!J44 | K43: ='Semana 1'!K44 | L43: ='Semana 1'!L44 | M43: ='Semana 1'!M44 | ... R43: ='Semana 1'!R44 | S43: =I43*J43+K43*L43+M43*N43+O43*P43+Q43*R43 -> 0
C44: ='Semana 1'!C45 | D44: ='Semana 1'!D45 | F44: ='Semana 1'!F45 | G44: ='Semana 1'!G45 | H44: ='Semana 1'!H45 | I44: ='Semana 1'!I45 | J44: ='Semana 1'!J45 | K44: ='Semana 1'!K45 | L44: ='Semana 1'!L45 | M44: ='Semana 1'!M45 | ... R44: ='Semana 1'!R45 | S44: =I44*J44+K44*L44+M44*N44+O44*P44+Q44*R44 -> 0
C45: ='Semana 1'!C46 | D45: ='Semana 1'!D46 | F45: ='Semana 1'!F46 | G45: ='Semana 1'!G46 | H45: ='Semana 1'!H46 | I45: ='Semana 1'!I46 | J45: ='Semana 1'!J46 | K45: ='Semana 1'!K46 | L45: ='Semana 1'!L46 | M45: ='Semana 1'!M46 | ... R45: ='Semana 1'!R46 | S45: =I45*J45+K45*L45+M45*N45+O45*P45+Q45*R45 -> 0
C46: ='Semana 1'!C47 | D46: ='Semana 1'!D47 | F46: ='Semana 1'!F47 | G46: ='Semana 1'!G47 | H46: ='Semana 1'!H47 | I46: ='Semana 1'!I47 | J46: ='Semana 1'!J47 | K46: ='Semana 1'!K47 | L46: ='Semana 1'!L47 | M46: ='Semana 1'!M47 | ... R46: ='Semana 1'!R47 | S46: =I46*J46+K46*L46+M46*N46+O46*P46+Q46*R46 -> 0
C47: ='Semana 1'!C48 | D47: ='Semana 1'!D48 | F47: ='Semana 1'!F48 | G47: ='Semana 1'!G48 | H47: ='Semana 1'!H48 | I47: ='Semana 1'!I48 | J47: ='Semana 1'!J48 | K47: ='Semana 1'!K48 | L47: ='Semana 1'!L48 | M47: ='Semana 1'!M48 | ... R47: ='Semana 1'!R48 | S47: =I47*J47+K47*L47+M47*N47+O47*P47+Q47*R47 -> 0
C48: ='Semana 1'!C49 | D48: ='Semana 1'!D49 | F48: ='Semana 1'!F49 | G48: ='Semana 1'!G49 | H48: ='Semana 1'!H49 | I48: ='Semana 1'!I49 | J48: ='Semana 1'!J49 | K48: ='Semana 1'!K49 | L48: ='Semana 1'!L49 | M48: ='Semana 1'!M49 | ... R48: ='Semana 1'!R49 | S48: =I48*J48+K48*L48+M48*N48+O48*P48+Q48*R48 -> 0
C49: ='Semana 1'!C50 | D49: ='Semana 1'!D50 | F49: ='Semana 1'!F50 | G49: ='Semana 1'!G50 | H49: ='Semana 1'!H50 | I49: ='Semana 1'!I50 | J49: ='Semana 1'!J50 | K49: ='Semana 1'!K50 | L49: ='Semana 1'!L50 | M49: ='Semana 1'!M50 | ... R49: ='Semana 1'!R50 | S49: =I49*J49+K49*L49+M49*N49+O49*P49+Q49*R49 -> 0
C50: ='Semana 1'!C51 | D50: ='Semana 1'!D51 | F50: ='Semana 1'!F51 | G50: ='Semana 1'!G51 | H50: ='Semana 1'!H51 | I50: ='Semana 1'!I51 | J50: ='Semana 1'!J51 | K50: ='Semana 1'!K51 | L50: ='Semana 1'!L51 | M50: ='Semana 1'!M51 | ... R50: ='Semana 1'!R51 | S50: =I50*J50+K50*L50+M50*N50+O50*P50+Q50*R50 -> 0
B51: Duración de la sesión | D51: DOMS | F51: GRUPO MUSCULAR | M51: PESAJE DEL DÍA | Q51: ESFUERZO GRAL.
B53: ='Semana 1'!B54 -> DÍA 5: ESTRUCTURA | F53: Series | G53: RIR/RPE | H53: Descanso | I53: Serie 1 | K53: Serie 2 | M53: Serie 3 | O53: Serie 4 | Q53: Serie 5 | S53: Tonelaje
B54: Notas del alumno | C54: Categoría de ejercicio | D54: Ejercicios | E54: Feedback Técnico | I54: Reps | J54: Kg | K54: Reps | L54: Kg | M54: Reps | N54: Kg | O54: Reps | P54: Kg | Q54: Reps | R54: Kg
C55: ='Semana 1'!C56 | D55: ='Semana 1'!D56 | F55: ='Semana 1'!F56 | G55: ='Semana 1'!G56 | H55: ='Semana 1'!H56 | I55: ='Semana 1'!I56 | J55: ='Semana 1'!J56 | K55: ='Semana 1'!K56 | L55: ='Semana 1'!L56 | M55: ='Semana 1'!M56 | ... R55: ='Semana 1'!R56 | S55: =I55*J55+K55*L55+M55*N55+O55*P55+Q55*R55 -> 0
C56: ='Semana 1'!C57 | D56: ='Semana 1'!D57 | F56: ='Semana 1'!F57 | G56: ='Semana 1'!G57 | H56: ='Semana 1'!H57 | I56: ='Semana 1'!I57 | J56: ='Semana 1'!J57 | K56: ='Semana 1'!K57 | L56: ='Semana 1'!L57 | M56: ='Semana 1'!M57 | ... R56: ='Semana 1'!R57 | S56: =I56*J56+K56*L56+M56*N56+O56*P56+Q56*R56 -> 0
C57: ='Semana 1'!C58 | D57: ='Semana 1'!D58 | F57: ='Semana 1'!F58 | G57: ='Semana 1'!G58 | H57: ='Semana 1'!H58 | I57: ='Semana 1'!I58 | J57: ='Semana 1'!J58 | K57: ='Semana 1'!K58 | L57: ='Semana 1'!L58 | M57: ='Semana 1'!M58 | ... R57: ='Semana 1'!R58 | S57: =I57*J57+K57*L57+M57*N57+O57*P57+Q57*R57 -> 0
C58: ='Semana 1'!C59 | D58: ='Semana 1'!D59 | F58: ='Semana 1'!F59 | G58: ='Semana 1'!G59 | H58: ='Semana 1'!H59 | I58: ='Semana 1'!I59 | J58: ='Semana 1'!J59 | K58: ='Semana 1'!K59 | L58: ='Semana 1'!L59 | M58: ='Semana 1'!M59 | ... R58: ='Semana 1'!R59 | S58: =I58*J58+K58*L58+M58*N58+O58*P58+Q58*R58 -> 0
C59: ='Semana 1'!C60 | D59: ='Semana 1'!D60 | F59: ='Semana 1'!F60 | G59: ='Semana 1'!G60 | H59: ='Semana 1'!H60 | I59: ='Semana 1'!I60 | J59: ='Semana 1'!J60 | K59: ='Semana 1'!K60 | L59: ='Semana 1'!L60 | M59: ='Semana 1'!M60 | ... R59: ='Semana 1'!R60 | S59: =I59*J59+K59*L59+M59*N59+O59*P59+Q59*R59 -> 0
C60: ='Semana 1'!C61 | D60: ='Semana 1'!D61 | F60: ='Semana 1'!F61 | G60: ='Semana 1'!G61 | H60: ='Semana 1'!H61 | I60: ='Semana 1'!I61 | J60: ='Semana 1'!J61 | K60: ='Semana 1'!K61 | L60: ='Semana 1'!L61 | M60: ='Semana 1'!M61 | ... R60: ='Semana 1'!R61 | S60: =I60*J60+K60*L60+M60*N60+O60*P60+Q60*R60 -> 0
C61: ='Semana 1'!C62 | D61: ='Semana 1'!D62 | F61: ='Semana 1'!F62 | G61: ='Semana 1'!G62 | H61: ='Semana 1'!H62 | I61: ='Semana 1'!I62 | J61: ='Semana 1'!J62 | K61: ='Semana 1'!K62 | L61: ='Semana 1'!L62 | M61: ='Semana 1'!M62 | ... R61: ='Semana 1'!R62 | S61: =I61*J61+K61*L61+M61*N61+O61*P61+Q61*R61 -> 0
C62: ='Semana 1'!C63 | D62: ='Semana 1'!D63 | F62: ='Semana 1'!F63 | G62: ='Semana 1'!G63 | H62: ='Semana 1'!H63 | I62: ='Semana 1'!I63 | J62: ='Semana 1'!J63 | K62: ='Semana 1'!K63 | L62: ='Semana 1'!L63 | M62: ='Semana 1'!M63 | ... R62: ='Semana 1'!R63 | S62: =I62*J62+K62*L62+M62*N62+O62*P62+Q62*R62 -> 0
B63: Duración de la sesión | D63: DOMS | F63: GRUPO MUSCULAR | M63: PESAJE DEL DÍA | Q63: ESFUERZO GRAL.
B65: ='Semana 1'!B66 -> DÍA 6: ESTRUCTURA | F65: Series | G65: RIR/RPE | H65: Descanso | I65: Serie 1 | K65: Serie 2 | M65: Serie 3 | O65: Serie 4 | Q65: Serie 5 | S65: Tonelaje
B66: Notas del alumno | C66: Categoría de ejercicio | D66: Ejercicios | E66: Feedback Técnico | I66: Reps | J66: Kg | K66: Reps | L66: Kg | M66: Reps | N66: Kg | O66: Reps | P66: Kg | Q66: Reps | R66: Kg
C67: ='Semana 1'!C68 | D67: ='Semana 1'!D68 | F67: ='Semana 1'!F68 | G67: ='Semana 1'!G68 | H67: ='Semana 1'!H68 | I67: ='Semana 1'!I68 | J67: ='Semana 1'!J68 | K67: ='Semana 1'!K68 | L67: ='Semana 1'!L68 | M67: ='Semana 1'!M68 | ... R67: ='Semana 1'!R68 | S67: =I67*J67+K67*L67+M67*N67+O67*P67+Q67*R67 -> 0
C68: ='Semana 1'!C69 | D68: ='Semana 1'!D69 | F68: ='Semana 1'!F69 | G68: ='Semana 1'!G69 | H68: ='Semana 1'!H69 | I68: ='Semana 1'!I69 | J68: ='Semana 1'!J69 | K68: ='Semana 1'!K69 | L68: ='Semana 1'!L69 | M68: ='Semana 1'!M69 | ... R68: ='Semana 1'!R69 | S68: =I68*J68+K68*L68+M68*N68+O68*P68+Q68*R68 -> 0
C69: ='Semana 1'!C70 | D69: ='Semana 1'!D70 | F69: ='Semana 1'!F70 | G69: ='Semana 1'!G70 | H69: ='Semana 1'!H70 | I69: ='Semana 1'!I70 | J69: ='Semana 1'!J70 | K69: ='Semana 1'!K70 | L69: ='Semana 1'!L70 | M69: ='Semana 1'!M70 | ... R69: ='Semana 1'!R70 | S69: =I69*J69+K69*L69+M69*N69+O69*P69+Q69*R69 -> 0
C70: ='Semana 1'!C71 | D70: ='Semana 1'!D71 | F70: ='Semana 1'!F71 | G70: ='Semana 1'!G71 | H70: ='Semana 1'!H71 | I70: ='Semana 1'!I71 | J70: ='Semana 1'!J71 | K70: ='Semana 1'!K71 | L70: ='Semana 1'!L71 | M70: ='Semana 1'!M71 | ... R70: ='Semana 1'!R71 | S70: =I70*J70+K70*L70+M70*N70+O70*P70+Q70*R70 -> 0
C71: ='Semana 1'!C72 | D71: ='Semana 1'!D72 | F71: ='Semana 1'!F72 | G71: ='Semana 1'!G72 | H71: ='Semana 1'!H72 | I71: ='Semana 1'!I72 | J71: ='Semana 1'!J72 | K71: ='Semana 1'!K72 | L71: ='Semana 1'!L72 | M71: ='Semana 1'!M72 | ... R71: ='Semana 1'!R72 | S71: =I71*J71+K71*L71+M71*N71+O71*P71+Q71*R71 -> 0
C72: ='Semana 1'!C73 | D72: ='Semana 1'!D73 | F72: ='Semana 1'!F73 | G72: ='Semana 1'!G73 | H72: ='Semana 1'!H73 | I72: ='Semana 1'!I73 | J72: ='Semana 1'!J73 | K72: ='Semana 1'!K73 | L72: ='Semana 1'!L73 | M72: ='Semana 1'!M73 | ... R72: ='Semana 1'!R73 | S72: =I72*J72+K72*L72+M72*N72+O72*P72+Q72*R72 -> 0
C73: ='Semana 1'!C74 | D73: ='Semana 1'!D74 | F73: ='Semana 1'!F74 | G73: ='Semana 1'!G74 | H73: ='Semana 1'!H74 | I73: ='Semana 1'!I74 | J73: ='Semana 1'!J74 | K73: ='Semana 1'!K74 | L73: ='Semana 1'!L74 | M73: ='Semana 1'!M74 | ... R73: ='Semana 1'!R74 | S73: =I73*J73+K73*L73+M73*N73+O73*P73+Q73*R73 -> 0
C74: ='Semana 1'!C75 | D74: ='Semana 1'!D75 | F74: ='Semana 1'!F75 | G74: ='Semana 1'!G75 | H74: ='Semana 1'!H75 | I74: ='Semana 1'!I75 | J74: ='Semana 1'!J75 | K74: ='Semana 1'!K75 | L74: ='Semana 1'!L75 | M74: ='Semana 1'!M75 | ... R74: ='Semana 1'!R75 | S74: =I74*J74+K74*L74+M74*N74+O74*P74+Q74*R74 -> 0
B75: Duración de la sesión | D75: DOMS | F75: GRUPO MUSCULAR | M75: PESAJE DEL DÍA | Q75: ESFUERZO GRAL.
M78: PESO PROMEDIO SEMANA | P78: =IFERROR(AVERAGE(O15,O27,O39,O51,O63,O75),"0,0 KG") -> 0,0 KG

Sheet Semana 3
C2: Entrenador/a | D2: ='Semana 1'!D2 -> Tu nombre y apellido | F2: Fecha de hoy | I2: =TODAY() -> 46305 | P2: Semanas trascurridas
C3: Nombre del alumno | D3: ='Semana 1'!D3 -> El nombre y apellido del alumno | F3: Fecha de inicio | I3: ='Semana 1'!I3 -> 45901 | P3: ='Semana 1'!P3 -> 57
B5: ='Semana 2'!B5 -> DÍA 1: ESTRUCTURA | F5: Series | G5: RIR/RPE | H5: Descanso | I5: Serie 1 | K5: Serie 2 | M5: Serie 3 | O5: Serie 4 | Q5: Serie 5 | S5: Tonelaje
B6: Notas del alumno | C6: Categoría de ejercicio | D6: Ejercicios | E6: Feedback Técnico | I6: Reps | J6: Kg | K6: Reps | L6: Kg | M6: Reps | N6: Kg | O6: Reps | P6: Kg | Q6: Reps | R6: Kg
C7: ='Semana 2'!C7 | D7: ='Semana 2'!D7 | F7: ='Semana 2'!F7 | G7: ='Semana 2'!G7 | H7: ='Semana 2'!H7 | I7: ='Semana 2'!I7 | J7: ='Semana 2'!J7 | K7: ='Semana 2'!K7 | L7: ='Semana 2'!L7 | M7: ='Semana 2'!M7 | ... R7: ='Semana 2'!R7 | S7: =I7*J7+K7*L7+M7*N7+O7*P7+Q7*R7 -> 0
C8: ='Semana 2'!C8 | D8: ='Semana 2'!D8 | F8: ='Semana 2'!F8 | G8: ='Semana 2'!G8 | H8: ='Semana 2'!H8 | I8: ='Semana 2'!I8 | J8: ='Semana 2'!J8 | K8: ='Semana 2'!K8 | L8: ='Semana 2'!L8 | M8: ='Semana 2'!M8 | ... R8: ='Semana 2'!R8 | S8: =I8*J8+K8*L8+M8*N8+O8*P8+Q8*R8 -> 0
C9: ='Semana 2'!C9 | D9: ='Semana 2'!D9 | F9: ='Semana 2'!F9 | G9: ='Semana 2'!G9 | H9: ='Semana 2'!H9 | I9: ='Semana 2'!I9 | J9: ='Semana 2'!J9 | K9: ='Semana 2'!K9 | L9: ='Semana 2'!L9 | M9: ='Semana 2'!M9 | ... R9: ='Semana 2'!R9 | S9: =I9*J9+K9*L9+M9*N9+O9*P9+Q9*R9 -> 0
C10: ='Semana 2'!C10 | D10: ='Semana 2'!D10 | F10: ='Semana 2'!F10 | G10: ='Semana 2'!G10 | H10: ='Semana 2'!H10 | I10: ='Semana 2'!I10 | J10: ='Semana 2'!J10 | K10: ='Semana 2'!K10 | L10: ='Semana 2'!L10 | M10: ='Semana 2'!M10 | ... R10: ='Semana 2'!R10 | S10: =I10*J10+K10*L10+M10*N10+O10*P10+Q10*R10 -> 0
C11: ='Semana 2'!C11 | D11: ='Semana 2'!D11 | F11: ='Semana 2'!F11 | G11: ='Semana 2'!G11 | H11: ='Semana 2'!H11 | I11: ='Semana 2'!I11 | J11: ='Semana 2'!J11 | K11: ='Semana 2'!K11 | L11: ='Semana 2'!L11 | M11: ='Semana 2'!M11 | ... R11: ='Semana 2'!R11 | S11: =I11*J11+K11*L11+M11*N11+O11*P11+Q11*R11 -> 0
C12: ='Semana 2'!C12 | D12: ='Semana 2'!D12 | F12: ='Semana 2'!F12 | G12: ='Semana 2'!G12 | H12: ='Semana 2'!H12 | I12: ='Semana 2'!I12 | J12: ='Semana 2'!J12 | K12: ='Semana 2'!K12 | L12: ='Semana 2'!L12 | M12: ='Semana 2'!M12 | ... R12: ='Semana 2'!R12 | S12: =I12*J12+K12*L12+M12*N12+O12*P12+Q12*R12 -> 0
C13: ='Semana 2'!C13 | D13: ='Semana 2'!D13 | F13: ='Semana 2'!F13 | G13: ='Semana 2'!G13 | H13: ='Semana 2'!H13 | I13: ='Semana 2'!I13 | J13: ='Semana 2'!J13 | K13: ='Semana 2'!K13 | L13: ='Semana 2'!L13 | M13: ='Semana 2'!M13 | ... R13: ='Semana 2'!R13 | S13: =I13*J13+K13*L13+M13*N13+O13*P13+Q13*R13 -> 0
C14: ='Semana 2'!C14 | D14: ='Semana 2'!D14 | F14: ='Semana 2'!F14 | G14: ='Semana 2'!G14 | H14: ='Semana 2'!H14 | I14: ='Semana 2'!I14 | J14: ='Semana 2'!J14 | K14: ='Semana 2'!K14 | L14: ='Semana 2'!L14 | M14: ='Semana 2'!M14 | ... R14: ='Semana 2'!R14 | S14: =I14*J14+K14*L14+M14*N14+O14*P14+Q14*R14 -> 0
B15: Duración de la sesión | D15: DOMS | F15: GRUPO MUSCULAR | M15: PESAJE DEL DÍA | Q15: ESFUERZO GRAL.
B17: ='Semana 2'!B17 -> DÍA 2: ESTRUCTURA | F17: Series | G17: RIR/RPE | H17: Descanso | I17: Serie 1 | K17: Serie 2 | M17: Serie 3 | O17: Serie 4 | Q17: Serie 5 | S17: Tonelaje
B18: Notas del alumno | C18: Categoría de ejercicio | D18: Ejercicios | E18: Feedback Técnico | I18: Reps | J18: Kg | K18: Reps | L18: Kg | M18: Reps | N18: Kg | O18: Reps | P18: Kg | Q18: Reps | R18: Kg
C19: ='Semana 2'!C19 | D19: ='Semana 2'!D19 | F19: ='Semana 2'!F19 | G19: ='Semana 2'!G19 | H19: ='Semana 2'!H19 | I19: ='Semana 2'!I19 | J19: ='Semana 2'!J19 | K19: ='Semana 2'!K19 | L19: ='Semana 2'!L19 | M19: ='Semana 2'!M19 | ... R19: ='Semana 2'!R19 | S19: =I19*J19+K19*L19+M19*N19+O19*P19+Q19*R19 -> 0
C20: ='Semana 2'!C20 | D20: ='Semana 2'!D20 | F20: ='Semana 2'!F20 | G20: ='Semana 2'!G20 | H20: ='Semana 2'!H20 | I20: ='Semana 2'!I20 | J20: ='Semana 2'!J20 | K20: ='Semana 2'!K20 | L20: ='Semana 2'!L20 | M20: ='Semana 2'!M20 | ... R20: ='Semana 2'!R20 | S20: =I20*J20+K20*L20+M20*N20+O20*P20+Q20*R20 -> 0
C21: ='Semana 2'!C21 | D21: ='Semana 2'!D21 | F21: ='Semana 2'!F21 | G21: ='Semana 2'!G21 | H21: ='Semana 2'!H21 | I21: ='Semana 2'!I21 | J21: ='Semana 2'!J21 | K21: ='Semana 2'!K21 | L21: ='Semana 2'!L21 | M21: ='Semana 2'!M21 | ... R21: ='Semana 2'!R21 | S21: =I21*J21+K21*L21+M21*N21+O21*P21+Q21*R21 -> 0
C22: ='Semana 2'!C22 | D22: ='Semana 2'!D22 | F22: ='Semana 2'!F22 | G22: ='Semana 2'!G22 | H22: ='Semana 2'!H22 | I22: ='Semana 2'!I22 | J22: ='Semana 2'!J22 | K22: ='Semana 2'!K22 | L22: ='Semana 2'!L22 | M22: ='Semana 2'!M22 | ... R22: ='Semana 2'!R22 | S22: =I22*J22+K22*L22+M22*N22+O22*P22+Q22*R22 -> 0
C23: ='Semana 2'!C23 | D23: ='Semana 2'!D23 | F23: ='Semana 2'!F23 | G23: ='Semana 2'!G23 | H23: ='Semana 2'!H23 | I23: ='Semana 2'!I23 | J23: ='Semana 2'!J23 | K23: ='Semana 2'!K23 | L23: ='Semana 2'!L23 | M23: ='Semana 2'!M23 | ... R23: ='Semana 2'!R23 | S23: =I23*J23+K23*L23+M23*N23+O23*P23+Q23*R23 -> 0
C24: ='Semana 2'!C24 | D24: ='Semana 2'!D24 | F24: ='Semana 2'!F24 | G24: ='Semana 2'!G24 | H24: ='Semana 2'!H24 | I24: ='Semana 2'!I24 | J24: ='Semana 2'!J24 | K24: ='Semana 2'!K24 | L24: ='Semana 2'!L24 | M24: ='Semana 2'!M24 | ... R24: ='Semana 2'!R24 | S24: =I24*J24+K24*L24+M24*N24+O24*P24+Q24*R24 -> 0
C25: ='Semana 2'!C25 | D25: ='Semana 2'!D25 | F25: ='Semana 2'!F25 | G25: ='Semana 2'!G25 | H25: ='Semana 2'!H25 | I25: ='Semana 2'!I25 | J25: ='Semana 2'!J25 | K25: ='Semana 2'!K25 | L25: ='Semana 2'!L25 | M25: ='Semana 2'!M25 | ... R25: ='Semana 2'!R25 | S25: =I25*J25+K25*L25+M25*N25+O25*P25+Q25*R25 -> 0
C26: ='Semana 2'!C26 | D26: ='Semana 2'!D26 | F26: ='Semana 2'!F26 | G26: ='Semana 2'!G26 | H26: ='Semana 2'!H26 | I26: ='Semana 2'!I26 | J26: ='Semana 2'!J26 | K26: ='Semana 2'!K26 | L26: ='Semana 2'!L26 | M26: ='Semana 2'!M26 | ... R26: ='Semana 2'!R26 | S26: =I26*J26+K26*L26+M26*N26+O26*P26+Q26*R26 -> 0
B27: Duración de la sesión | D27: DOMS | F27: GRUPO MUSCULAR | M27: PESAJE DEL DÍA | Q27: ESFUERZO GRAL.
B29: ='Semana 2'!B29 -> DÍA 3: ESTRUCTURA | F29: Series | G29: RIR/RPE | H29: Descanso | I29: Serie 1 | K29: Serie 2 | M29: Serie 3 | O29: Serie 4 | Q29: Serie 5 | S29: Tonelaje
B30: Notas del alumno | C30: Categoría de ejercicio | D30: Ejercicios | E30: Feedback Técnico | I30: Reps | J30: Kg | K30: Reps | L30: Kg | M30: Reps | N30: Kg | O30: Reps | P30: Kg | Q30: Reps | R30: Kg
C31: ='Semana 2'!C31 | D31: ='Semana 2'!D31 | F31: ='Semana 2'!F31 | G31: ='Semana 2'!G31 | H31: ='Semana 2'!H31 | I31: ='Semana 2'!I31 | J31: ='Semana 2'!J31 | K31: ='Semana 2'!K31 | L31: ='Semana 2'!L31 | M31: ='Semana 2'!M31 | ... R31: ='Semana 2'!R31 | S31: =I31*J31+K31*L31+M31*N31+O31*P31+Q31*R31 -> 0
C32: ='Semana 2'!C32 | D32: ='Semana 2'!D32 | F32: ='Semana 2'!F32 | G32: ='Semana 2'!G32 | H32: ='Semana 2'!H32 | I32: ='Semana 2'!I32 | J32: ='Semana 2'!J32 | K32: ='Semana 2'!K32 | L32: ='Semana 2'!L32 | M32: ='Semana 2'!M32 | ... R32: ='Semana 2'!R32 | S32: =I32*J32+K32*L32+M32*N32+O32*P32+Q32*R32 -> 0
C33: ='Semana 2'!C33 | D33: ='Semana 2'!D33 | F33: ='Semana 2'!F33 | G33: ='Semana 2'!G33 | H33: ='Semana 2'!H33 | I33: ='Semana 2'!I33 | J33: ='Semana 2'!J33 | K33: ='Semana 2'!K33 | L33: ='Semana 2'!L33 | M33: ='Semana 2'!M33 | ... R33: ='Semana 2'!R33 | S33: =I33*J33+K33*L33+M33*N33+O33*P33+Q33*R33 -> 0
C34: ='Semana 2'!C34 | D34: ='Semana 2'!D34 | F34: ='Semana 2'!F34 | G34: ='Semana 2'!G34 | H34: ='Semana 2'!H34 | I34: ='Semana 2'!I34 | J34: ='Semana 2'!J34 | K34: ='Semana 2'!K34 | L34: ='Semana 2'!L34 | M34: ='Semana 2'!M34 | ... R34: ='Semana 2'!R34 | S34: =I34*J34+K34*L34+M34*N34+O34*P34+Q34*R34 -> 0
C35: ='Semana 2'!C35 | D35: ='Semana 2'!D35 | F35: ='Semana 2'!F35 | G35: ='Semana 2'!G35 | H35: ='Semana 2'!H35 | I35: ='Semana 2'!I35 | J35: ='Semana 2'!J35 | K35: ='Semana 2'!K35 | L35: ='Semana 2'!L35 | M35: ='Semana 2'!M35 | ... R35: ='Semana 2'!R35 | S35: =I35*J35+K35*L35+M35*N35+O35*P35+Q35*R35 -> 0
C36: ='Semana 2'!C36 | D36: ='Semana 2'!D36 | F36: ='Semana 2'!F36 | G36: ='Semana 2'!G36 | H36: ='Semana 2'!H36 | I36: ='Semana 2'!I36 | J36: ='Semana 2'!J36 | K36: ='Semana 2'!K36 | L36: ='Semana 2'!L36 | M36: ='Semana 2'!M36 | ... R36: ='Semana 2'!R36 | S36: =I36*J36+K36*L36+M36*N36+O36*P36+Q36*R36 -> 0
C37: ='Semana 2'!C37 | D37: ='Semana 2'!D37 | F37: ='Semana 2'!F37 | G37: ='Semana 2'!G37 | H37: ='Semana 2'!H37 | I37: ='Semana 2'!I37 | J37: ='Semana 2'!J37 | K37: ='Semana 2'!K37 | L37: ='Semana 2'!L37 | M37: ='Semana 2'!M37 | ... R37: ='Semana 2'!R37 | S37: =I37*J37+K37*L37+M37*N37+O37*P37+Q37*R37 -> 0
C38: ='Semana 2'!C38 | D38: ='Semana 2'!D38 | F38: ='Semana 2'!F38 | G38: ='Semana 2'!G38 | H38: ='Semana 2'!H38 | I38: ='Semana 2'!I38 | J38: ='Semana 2'!J38 | K38: ='Semana 2'!K38 | L38: ='Semana 2'!L38 | M38: ='Semana 2'!M38 | ... R38: ='Semana 2'!R38 | S38: =I38*J38+K38*L38+M38*N38+O38*P38+Q38*R38 -> 0
B39: Duración de la sesión | D39: DOMS | F39: GRUPO MUSCULAR | M39: PESAJE DEL DÍA | Q39: ESFUERZO GRAL.
B41: ='Semana 2'!B41 -> DÍA 4: ESTRUCTURA | F41: Series | G41: RIR/RPE | H41: Descanso | I41: Serie 1 | K41: Serie 2 | M41: Serie 3 | O41: Serie 4 | Q41: Serie 5 | S41: Tonelaje
B42: Notas del alumno | C42: Categoría de ejercicio | D42: Ejercicios | E42: Feedback Técnico | I42: Reps | J42: Kg | K42: Reps | L42: Kg | M42: Reps | N42: Kg | O42: Reps | P42: Kg | Q42: Reps | R42: Kg
C43: ='Semana 2'!C43 | D43: ='Semana 2'!D43 | F43: ='Semana 2'!F43 | G43: ='Semana 2'!G43 | H43: ='Semana 2'!H43 | I43: ='Semana 2'!I43 | J43: ='Semana 2'!J43 | K43: ='Semana 2'!K43 | L43: ='Semana 2'!L43 | M43: ='Semana 2'!M43 | ... R43: ='Semana 2'!R43 | S43: =I43*J43+K43*L43+M43*N43+O43*P43+Q43*R43 -> 0
C44: ='Semana 2'!C44 | D44: ='Semana 2'!D44 | F44: ='Semana 2'!F44 | G44: ='Semana 2'!G44 | H44: ='Semana 2'!H44 | I44: ='Semana 2'!I44 | J44: ='Semana 2'!J44 | K44: ='Semana 2'!K44 | L44: ='Semana 2'!L44 | M44: ='Semana 2'!M44 | ... R44: ='Semana 2'!R44 | S44: =I44*J44+K44*L44+M44*N44+O44*P44+Q44*R44 -> 0
C45: ='Semana 2'!C45 | D45: ='Semana 2'!D45 | F45: ='Semana 2'!F45 | G45: ='Semana 2'!G45 | H45: ='Semana 2'!H45 | I45: ='Semana 2'!I45 | J45: ='Semana 2'!J45 | K45: ='Semana 2'!K45 | L45: ='Semana 2'!L45 | M45: ='Semana 2'!M45 | ... R45: ='Semana 2'!R45 | S45: =I45*J45+K45*L45+M45*N45+O45*P45+Q45*R45 -> 0
C46: ='Semana 2'!C46 | D46: ='Semana 2'!D46 | F46: ='Semana 2'!F46 | G46: ='Semana 2'!G46 | H46: ='Semana 2'!H46 | I46: ='Semana 2'!I46 | J46: ='Semana 2'!J46 | K46: ='Semana 2'!K46 | L46: ='Semana 2'!L46 | M46: ='Semana 2'!M46 | ... R46: ='Semana 2'!R46 | S46: =I46*J46+K46*L46+M46*N46+O46*P46+Q46*R46 -> 0
C47: ='Semana 2'!C47 | D47: ='Semana 2'!D47 | F47: ='Semana 2'!F47 | G47: ='Semana 2'!G47 | H47: ='Semana 2'!H47 | I47: ='Semana 2'!I47 | J47: ='Semana 2'!J47 | K47: ='Semana 2'!K47 | L47: ='Semana 2'!L47 | M47: ='Semana 2'!M47 | ... R47: ='Semana 2'!R47 | S47: =I47*J47+K47*L47+M47*N47+O47*P47+Q47*R47 -> 0
C48: ='Semana 2'!C48 | D48: ='Semana 2'!D48 | F48: ='Semana 2'!F48 | G48: ='Semana 2'!G48 | H48: ='Semana 2'!H48 | I48: ='Semana 2'!I48 | J48: ='Semana 2'!J48 | K48: ='Semana 2'!K48 | L48: ='Semana 2'!L48 | M48: ='Semana 2'!M48 | ... R48: ='Semana 2'!R48 | S48: =I48*J48+K48*L48+M48*N48+O48*P48+Q48*R48 -> 0
C49: ='Semana 2'!C49 | D49: ='Semana 2'!D49 | F49: ='Semana 2'!F49 | G49: ='Semana 2'!G49 | H49: ='Semana 2'!H49 | I49: ='Semana 2'!I49 | J49: ='Semana 2'!J49 | K49: ='Semana 2'!K49 | L49: ='Semana 2'!L49 | M49: ='Semana 2'!M49 | ... R49: ='Semana 2'!R49 | S49: =I49*J49+K49*L49+M49*N49+O49*P49+Q49*R49 -> 0
C50: ='Semana 2'!C50 | D50: ='Semana 2'!D50 | F50: ='Semana 2'!F50 | G50: ='Semana 2'!G50 | H50: ='Semana 2'!H50 | I50: ='Semana 2'!I50 | J50: ='Semana 2'!J50 | K50: ='Semana 2'!K50 | L50: ='Semana 2'!L50 | M50: ='Semana 2'!M50 | ... R50: ='Semana 2'!R50 | S50: =I50*J50+K50*L50+M50*N50+O50*P50+Q50*R50 -> 0
B51: Duración de la sesión | D51: DOMS | F51: GRUPO MUSCULAR | M51: PESAJE DEL DÍA | Q51: ESFUERZO GRAL.
B53: ='Semana 2'!B53 -> DÍA 5: ESTRUCTURA | F53: Series | G53: RIR/RPE | H53: Descanso | I53: Serie 1 | K53: Serie 2 | M53: Serie 3 | O53: Serie 4 | Q53: Serie 5 | S53: Tonelaje
B54: Notas del alumno | C54: Categoría de ejercicio | D54: Ejercicios | E54: Feedback Técnico | I54: Reps | J54: Kg | K54: Reps | L54: Kg | M54: Reps | N54: Kg | O54: Reps | P54: Kg | Q54: Reps | R54: Kg
C55: ='Semana 2'!C55 | D55: ='Semana 2'!D55 | F55: ='Semana 2'!F55 | G55: ='Semana 2'!G55 | H55: ='Semana 2'!H55 | I55: ='Semana 2'!I55 | J55: ='Semana 2'!J55 | K55: ='Semana 2'!K55 | L55: ='Semana 2'!L55 | M55: ='Semana 2'!M55 | ... R55: ='Semana 2'!R55 | S55: =I55*J55+K55*L55+M55*N55+O55*P55+Q55*R55 -> 0
C56: ='Semana 2'!C56 | D56: ='Semana 2'!D56 | F56: ='Semana 2'!F56 | G56: ='Semana 2'!G56 | H56: ='Semana 2'!H56 | I56: ='Semana 2'!I56 | J56: ='Semana 2'!J56 | K56: ='Semana 2'!K56 | L56: ='Semana 2'!L56 | M56: ='Semana 2'!M56 | ... R56: ='Semana 2'!R56 | S56: =I56*J56+K56*L56+M56*N56+O56*P56+Q56*R56 -> 0
C57: ='Semana 2'!C57 | D57: ='Semana 2'!D57 | F57: ='Semana 2'!F57 | G57: ='Semana 2'!G57 | H57: ='Semana 2'!H57 | I57: ='Semana 2'!I57 | J57: ='Semana 2'!J57 | K57: ='Semana 2'!K57 | L57: ='Semana 2'!L57 | M57: ='Semana 2'!M57 | ... R57: ='Semana 2'!R57 | S57: =I57*J57+K57*L57+M57*N57+O57*P57+Q57*R57 -> 0
C58: ='Semana 2'!C58 | D58: ='Semana 2'!D58 | F58: ='Semana 2'!F58 | G58: ='Semana 2'!G58 | H58: ='Semana 2'!H58 | I58: ='Semana 2'!I58 | J58: ='Semana 2'!J58 | K58: ='Semana 2'!K58 | L58: ='Semana 2'!L58 | M58: ='Semana 2'!M58 | ... R58: ='Semana 2'!R58 | S58: =I58*J58+K58*L58+M58*N58+O58*P58+Q58*R58 -> 0
C59: ='Semana 2'!C59 | D59: ='Semana 2'!D59 | F59: ='Semana 2'!F59 | G59: ='Semana 2'!G59 | H59: ='Semana 2'!H59 | I59: ='Semana 2'!I59 | J59: ='Semana 2'!J59 | K59: ='Semana 2'!K59 | L59: ='Semana 2'!L59 | M59: ='Semana 2'!M59 | ... R59: ='Semana 2'!R59 | S59: =I59*J59+K59*L59+M59*N59+O59*P59+Q59*R59 -> 0
C60: ='Semana 2'!C60 | D60: ='Semana 2'!D60 | F60: ='Semana 2'!F60 | G60: ='Semana 2'!G60 | H60: ='Semana 2'!H60 | I60: ='Semana 2'!I60 | J60: ='Semana 2'!J60 | K60: ='Semana 2'!K60 | L60: ='Semana 2'!L60 | M60: ='Semana 2'!M60 | ... R60: ='Semana 2'!R60 | S60: =I60*J60+K60*L60+M60*N60+O60*P60+Q60*R60 -> 0
C61: ='Semana 2'!C61 | D61: ='Semana 2'!D61 | F61: ='Semana 2'!F61 | G61: ='Semana 2'!G61 | H61: ='Semana 2'!H61 | I61: ='Semana 2'!I61 | J61: ='Semana 2'!J61 | K61: ='Semana 2'!K61 | L61: ='Semana 2'!L61 | M61: ='Semana 2'!M61 | ... R61: ='Semana 2'!R61 | S61: =I61*J61+K61*L61+M61*N61+O61*P61+Q61*R61 -> 0
C62: ='Semana 2'!C62 | D62: ='Semana 2'!D62 | F62: ='Semana 2'!F62 | G62: ='Semana 2'!G62 | H62: ='Semana 2'!H62 | I62: ='Semana 2'!I62 | J62: ='Semana 2'!J62 | K62: ='Semana 2'!K62 | L62: ='Semana 2'!L62 | M62: ='Semana 2'!M62 | ... R62: ='Semana 2'!R62 | S62: =I62*J62+K62*L62+M62*N62+O62*P62+Q62*R62 -> 0
B63: Duración de la sesión | D63: DOMS | F63: GRUPO MUSCULAR | M63: PESAJE DEL DÍA | Q63: ESFUERZO GRAL.
B65: ='Semana 2'!B65 -> DÍA 6: ESTRUCTURA | F65: Series | G65: RIR/RPE | H65: Descanso | I65: Serie 1 | K65: Serie 2 | M65: Serie 3 | O65: Serie 4 | Q65: Serie 5 | S65: Tonelaje
B66: Notas del alumno | C66: Categoría de ejercicio | D66: Ejercicios | E66: Feedback Técnico | I66: Reps | J66: Kg | K66: Reps | L66: Kg | M66: Reps | N66: Kg | O66: Reps | P66: Kg | Q66: Reps | R66: Kg
C67: ='Semana 2'!C67 | D67: ='Semana 2'!D67 | F67: ='Semana 2'!F67 | G67: ='Semana 2'!G67 | H67: ='Semana 2'!H67 | I67: ='Semana 2'!I67 | J67: ='Semana 2'!J67 | K67: ='Semana 2'!K67 | L67: ='Semana 2'!L67 | M67: ='Semana 2'!M67 | ... R67: ='Semana 2'!R67 | S67: =I67*J67+K67*L67+M67*N67+O67*P67+Q67*R67 -> 0
C68: ='Semana 2'!C68 | D68: ='Semana 2'!D68 | F68: ='Semana 2'!F68 | G68: ='Semana 2'!G68 | H68: ='Semana 2'!H68 | I68: ='Semana 2'!I68 | J68: ='Semana 2'!J68 | K68: ='Semana 2'!K68 | L68: ='Semana 2'!L68 | M68: ='Semana 2'!M68 | ... R68: ='Semana 2'!R68 | S68: =I68*J68+K68*L68+M68*N68+O68*P68+Q68*R68 -> 0
C69: ='Semana 2'!C69 | D69: ='Semana 2'!D69 | F69: ='Semana 2'!F69 | G69: ='Semana 2'!G69 | H69: ='Semana 2'!H69 | I69: ='Semana 2'!I69 | J69: ='Semana 2'!J69 | K69: ='Semana 2'!K69 | L69: ='Semana 2'!L69 | M69: ='Semana 2'!M69 | ... R69: ='Semana 2'!R69 | S69: =I69*J69+K69*L69+M69*N69+O69*P69+Q69*R69 -> 0
C70: ='Semana 2'!C70 | D70: ='Semana 2'!D70 | F70: ='Semana 2'!F70 | G70: ='Semana 2'!G70 | H70: ='Semana 2'!H70 | I70: ='Semana 2'!I70 | J70: ='Semana 2'!J70 | K70: ='Semana 2'!K70 | L70: ='Semana 2'!L70 | M70: ='Semana 2'!M70 | ... R70: ='Semana 2'!R70 | S70: =I70*J70+K70*L70+M70*N70+O70*P70+Q70*R70 -> 0
C71: ='Semana 2'!C71 | D71: ='Semana 2'!D71 | F71: ='Semana 2'!F71 | G71: ='Semana 2'!G71 | H71: ='Semana 2'!H71 | I71: ='Semana 2'!I71 | J71: ='Semana 2'!J71 | K71: ='Semana 2'!K71 | L71: ='Semana 2'!L71 | M71: ='Semana 2'!M71 | ... R71: ='Semana 2'!R71 | S71: =I71*J71+K71*L71+M71*N71+O71*P71+Q71*R71 -> 0
C72: ='Semana 2'!C72 | D72: ='Semana 2'!D72 | F72: ='Semana 2'!F72 | G72: ='Semana 2'!G72 | H72: ='Semana 2'!H72 | I72: ='Semana 2'!I72 | J72: ='Semana 2'!J72 | K72: ='Semana 2'!K72 | L72: ='Semana 2'!L72 | M72: ='Semana 2'!M72 | ... R72: ='Semana 2'!R72 | S72: =I72*J72+K72*L72+M72*N72+O72*P72+Q72*R72 -> 0
C73: ='Semana 2'!C73 | D73: ='Semana 2'!D73 | F73: ='Semana 2'!F73 | G73: ='Semana 2'!G73 | H73: ='Semana 2'!H73 | I73: ='Semana 2'!I73 | J73: ='Semana 2'!J73 | K73: ='Semana 2'!K73 | L73: ='Semana 2'!L73 | M73: ='Semana 2'!M73 | ... R73: ='Semana 2'!R73 | S73: =I73*J73+K73*L73+M73*N73+O73*P73+Q73*R73 -> 0
C74: ='Semana 2'!C74 | D74: ='Semana 2'!D74 | F74: ='Semana 2'!F74 | G74: ='Semana 2'!G74 | H74: ='Semana 2'!H74 | I74: ='Semana 2'!I74 | J74: ='Semana 2'!J74 | K74: ='Semana 2'!K74 | L74: ='Semana 2'!L74 | M74: ='Semana 2'!M74 | ... R74: ='Semana 2'!R74 | S74: =I74*J74+K74*L74+M74*N74+O74*P74+Q74*R74 -> 0
B75: Duración de la sesión | D75: DOMS | F75: GRUPO MUSCULAR | M75: PESAJE DEL DÍA | Q75: ESFUERZO GRAL.
M78: PESO PROMEDIO SEMANA | P78: =IFERROR(AVERAGE(O15,O27,O39,O51,O63,O75),"0,0 KG") -> 0,0 KG

Sheet Semana 4
C2: Entrenador/a | D2: ='Semana 1'!D2 -> Tu nombre y apellido | F2: Fecha de hoy | I2: =TODAY() -> 46305 | P2: Semanas trascurridas
C3: Nombre del alumno | D3: ='Semana 1'!D3 -> El nombre y apellido del alumno | F3: Fecha de inicio | I3: ='Semana 1'!I3 -> 45901 | P3: ='Semana 1'!P3 -> 57
B5: ='Semana 3'!B5 -> DÍA 1: ESTRUCTURA | F5: Series | G5: RIR/RPE | H5: Descanso | I5: Serie 1 | K5: Serie 2 | M5: Serie 3 | O5: Serie 4 | Q5: Serie 5 | S5: Tonelaje
B6: Notas del alumno | C6: Categoría de ejercicio | D6: Ejercicios | E6: Feedback Técnico | I6: Reps | J6: Kg | K6: Reps | L6: Kg | M6: Reps | N6: Kg | O6: Reps | P6: Kg | Q6: Reps | R6: Kg
C7: ='Semana 3'!C7 | D7: ='Semana 3'!D7 | F7: ='Semana 3'!F7 | G7: ='Semana 3'!G7 | H7: ='Semana 3'!H7 | I7: ='Semana 3'!I7 | J7: ='Semana 3'!J7 | K7: ='Semana 3'!K7 | L7: ='Semana 3'!L7 | M7: ='Semana 3'!M7 | ... R7: ='Semana 3'!R7 | S7: =I7*J7+K7*L7+M7*N7+O7*P7+Q7*R7 -> 0
C8: ='Semana 3'!C8 | D8: ='Semana 3'!D8 | F8: ='Semana 3'!F8 | G8: ='Semana 3'!G8 | H8: ='Semana 3'!H8 | I8: ='Semana 3'!I8 | J8: ='Semana 3'!J8 | K8: ='Semana 3'!K8 | L8: ='Semana 3'!L8 | M8: ='Semana 3'!M8 | ... R8: ='Semana 3'!R8 | S8: =I8*J8+K8*L8+M8*N8+O8*P8+Q8*R8 -> 0
C9: ='Semana 3'!C9 | D9: ='Semana 3'!D9 | F9: ='Semana 3'!F9 | G9: ='Semana 3'!G9 | H9: ='Semana 3'!H9 | I9: ='Semana 3'!I9 | J9: ='Semana 3'!J9 | K9: ='Semana 3'!K9 | L9: ='Semana 3'!L9 | M9: ='Semana 3'!M9 | ... R9: ='Semana 3'!R9 | S9: =I9*J9+K9*L9+M9*N9+O9*P9+Q9*R9 -> 0
C10: ='Semana 3'!C10 | D10: ='Semana 3'!D10 | F10: ='Semana 3'!F10 | G10: ='Semana 3'!G10 | H10: ='Semana 3'!H10 | I10: ='Semana 3'!I10 | J10: ='Semana 3'!J10 | K10: ='Semana 3'!K10 | L10: ='Semana 3'!L10 | M10: ='Semana 3'!M10 | ... R10: ='Semana 3'!R10 | S10: =I10*J10+K10*L10+M10*N10+O10*P10+Q10*R10 -> 0
C11: ='Semana 3'!C11 | D11: ='Semana 3'!D11 | F11: ='Semana 3'!F11 | G11: ='Semana 3'!G11 | H11: ='Semana 3'!H11 | I11: ='Semana 3'!I11 | J11: ='Semana 3'!J11 | K11: ='Semana 3'!K11 | L11: ='Semana 3'!L11 | M11: ='Semana 3'!M11 | ... R11: ='Semana 3'!R11 | S11: =I11*J11+K11*L11+M11*N11+O11*P11+Q11*R11 -> 0
C12: ='Semana 3'!C12 | D12: ='Semana 3'!D12 | F12: ='Semana 3'!F12 | G12: ='Semana 3'!G12 | H12: ='Semana 3'!H12 | I12: ='Semana 3'!I12 | J12: ='Semana 3'!J12 | K12: ='Semana 3'!K12 | L12: ='Semana 3'!L12 | M12: ='Semana 3'!M12 | ... R12: ='Semana 3'!R12 | S12: =I12*J12+K12*L12+M12*N12+O12*P12+Q12*R12 -> 0
C13: ='Semana 3'!C13 | D13: ='Semana 3'!D13 | F13: ='Semana 3'!F13 | G13: ='Semana 3'!G13 | H13: ='Semana 3'!H13 | I13: ='Semana 3'!I13 | J13: ='Semana 3'!J13 | K13: ='Semana 3'!K13 | L13: ='Semana 3'!L13 | M13: ='Semana 3'!M13 | ... R13: ='Semana 3'!R13 | S13: =I13*J13+K13*L13+M13*N13+O13*P13+Q13*R13 -> 0
C14: ='Semana 3'!C14 | D14: ='Semana 3'!D14 | F14: ='Semana 3'!F14 | G14: ='Semana 3'!G14 | H14: ='Semana 3'!H14 | I14: ='Semana 3'!I14 | J14: ='Semana 3'!J14 | K14: ='Semana 3'!K14 | L14: ='Semana 3'!L14 | M14: ='Semana 3'!M14 | ... R14: ='Semana 3'!R14 | S14: =I14*J14+K14*L14+M14*N14+O14*P14+Q14*R14 -> 0
B15: Duración de la sesión | D15: DOMS | F15: GRUPO MUSCULAR | M15: PESAJE DEL DÍA | Q15: ESFUERZO GRAL.
B17: ='Semana 3'!B17 -> DÍA 2: ESTRUCTURA | F17: Series | G17: RIR/RPE | H17: Descanso | I17: Serie 1 | K17: Serie 2 | M17: Serie 3 | O17: Serie 4 | Q17: Serie 5 | S17: Tonelaje
B18: Notas del alumno | C18: Categoría de ejercicio | D18: Ejercicios | E18: Feedback Técnico | I18: Reps | J18: Kg | K18: Reps | L18: Kg | M18: Reps | N18: Kg | O18: Reps | P18: Kg | Q18: Reps | R18: Kg
C19: ='Semana 3'!C19 | D19: ='Semana 3'!D19 | F19: ='Semana 3'!F19 | G19: ='Semana 3'!G19 | H19: ='Semana 3'!H19 | I19: ='Semana 3'!I19 | J19: ='Semana 3'!J19 | K19: ='Semana 3'!K19 | L19: ='Semana 3'!L19 | M19: ='Semana 3'!M19 | ... R19: ='Semana 3'!R19 | S19: =I19*J19+K19*L19+M19*N19+O19*P19+Q19*R19 -> 0
C20: ='Semana 3'!C20 | D20: ='Semana 3'!D20 | F20: ='Semana 3'!F20 | G20: ='Semana 3'!G20 | H20: ='Semana 3'!H20 | I20: ='Semana 3'!I20 | J20: ='Semana 3'!J20 | K20: ='Semana 3'!K20 | L20: ='Semana 3'!L20 | M20: ='Semana 3'!M20 | ... R20: ='Semana 3'!R20 | S20: =I20*J20+K20*L20+M20*N20+O20*P20+Q20*R20 -> 0
C21: ='Semana 3'!C21 | D21: ='Semana 3'!D21 | F21: ='Semana 3'!F21 | G21: ='Semana 3'!G21 | H21: ='Semana 3'!H21 | I21: ='Semana 3'!I21 | J21: ='Semana 3'!J21 | K21: ='Semana 3'!K21 | L21: ='Semana 3'!L21 | M21: ='Semana 3'!M21 | ... R21: ='Semana 3'!R21 | S21: =I21*J21+K21*L21+M21*N21+O21*P21+Q21*R21 -> 0
C22: ='Semana 3'!C22 | D22: ='Semana 3'!D22 | F22: ='Semana 3'!F22 | G22: ='Semana 3'!G22 | H22: ='Semana 3'!H22 | I22: ='Semana 3'!I22 | J22: ='Semana 3'!J22 | K22: ='Semana 3'!K22 | L22: ='Semana 3'!L22 | M22: ='Semana 3'!M22 | ... R22: ='Semana 3'!R22 | S22: =I22*J22+K22*L22+M22*N22+O22*P22+Q22*R22 -> 0
C23: ='Semana 3'!C23 | D23: ='Semana 3'!D23 | F23: ='Semana 3'!F23 | G23: ='Semana 3'!G23 | H23: ='Semana 3'!H23 | I23: ='Semana 3'!I23 | J23: ='Semana 3'!J23 | K23: ='Semana 3'!K23 | L23: ='Semana 3'!L23 | M23: ='Semana 3'!M23 | ... R23: ='Semana 3'!R23 | S23: =I23*J23+K23*L23+M23*N23+O23*P23+Q23*R23 -> 0
C24: ='Semana 3'!C24 | D24: ='Semana 3'!D24 | F24: ='Semana 3'!F24 | G24: ='Semana 3'!G24 | H24: ='Semana 3'!H24 | I24: ='Semana 3'!I24 | J24: ='Semana 3'!J24 | K24: ='Semana 3'!K24 | L24: ='Semana 3'!L24 | M24: ='Semana 3'!M24 | ... R24: ='Semana 3'!R24 | S24: =I24*J24+K24*L24+M24*N24+O24*P24+Q24*R24 -> 0
C25: ='Semana 3'!C25 | D25: ='Semana 3'!D25 | F25: ='Semana 3'!F25 | G25: ='Semana 3'!G25 | H25: ='Semana 3'!H25 | I25: ='Semana 3'!I25 | J25: ='Semana 3'!J25 | K25: ='Semana 3'!K25 | L25: ='Semana 3'!L25 | M25: ='Semana 3'!M25 | ... R25: ='Semana 3'!R25 | S25: =I25*J25+K25*L25+M25*N25+O25*P25+Q25*R25 -> 0
C26: ='Semana 3'!C26 | D26: ='Semana 3'!D26 | F26: ='Semana 3'!F26 | G26: ='Semana 3'!G26 | H26: ='Semana 3'!H26 | I26: ='Semana 3'!I26 | J26: ='Semana 3'!J26 | K26: ='Semana 3'!K26 | L26: ='Semana 3'!L26 | M26: ='Semana 3'!M26 | ... R26: ='Semana 3'!R26 | S26: =I26*J26+K26*L26+M26*N26+O26*P26+Q26*R26 -> 0
B27: Duración de la sesión | D27: DOMS | F27: GRUPO MUSCULAR | M27: PESAJE DEL DÍA | Q27: ESFUERZO GRAL.
B29: ='Semana 3'!B29 -> DÍA 3: ESTRUCTURA | F29: Series | G29: RIR/RPE | H29: Descanso | I29: Serie 1 | K29: Serie 2 | M29: Serie 3 | O29: Serie 4 | Q29: Serie 5 | S29: Tonelaje
B30: Notas del alumno | C30: Categoría de ejercicio | D30: Ejercicios | E30: Feedback Técnico | I30: Reps | J30: Kg | K30: Reps | L30: Kg | M30: Reps | N30: Kg | O30: Reps | P30: Kg | Q30: Reps | R30: Kg
C31: ='Semana 3'!C31 | D31: ='Semana 3'!D31 | F31: ='Semana 3'!F31 | G31: ='Semana 3'!G31 | H31: ='Semana 3'!H31 | I31: ='Semana 3'!I31 | J31: ='Semana 3'!J31 | K31: ='Semana 3'!K31 | L31: ='Semana 3'!L31 | M31: ='Semana 3'!M31 | ... R31: ='Semana 3'!R31 | S31: =I31*J31+K31*L31+M31*N31+O31*P31+Q31*R31 -> 0
C32: ='Semana 3'!C32 | D32: ='Semana 3'!D32 | F32: ='Semana 3'!F32 | G32: ='Semana 3'!G32 | H32: ='Semana 3'!H32 | I32: ='Semana 3'!I32 | J32: ='Semana 3'!J32 | K32: ='Semana 3'!K32 | L32: ='Semana 3'!L32 | M32: ='Semana 3'!M32 | ... R32: ='Semana 3'!R32 | S32: =I32*J32+K32*L32+M32*N32+O32*P32+Q32*R32 -> 0
C33: ='Semana 3'!C33 | D33: ='Semana 3'!D33 | F33: ='Semana 3'!F33 | G33: ='Semana 3'!G33 | H33: ='Semana 3'!H33 | I33: ='Semana 3'!I33 | J33: ='Semana 3'!J33 | K33: ='Semana 3'!K33 | L33: ='Semana 3'!L33 | M33: ='Semana 3'!M33 | ... R33: ='Semana 3'!R33 | S33: =I33*J33+K33*L33+M33*N33+O33*P33+Q33*R33 -> 0
C34: ='Semana 3'!C34 | D34: ='Semana 3'!D34 | F34: ='Semana 3'!F34 | G34: ='Semana 3'!G34 | H34: ='Semana 3'!H34 | I34: ='Semana 3'!I34 | J34: ='Semana 3'!J34 | K34: ='Semana 3'!K34 | L34: ='Semana 3'!L34 | M34: ='Semana 3'!M34 | ... R34: ='Semana 3'!R34 | S34: =I34*J34+K34*L34+M34*N34+O34*P34+Q34*R34 -> 0
C35: ='Semana 3'!C35 | D35: ='Semana 3'!D35 | F35: ='Semana 3'!F35 | G35: ='Semana 3'!G35 | H35: ='Semana 3'!H35 | I35: ='Semana 3'!I35 | J35: ='Semana 3'!J35 | K35: ='Semana 3'!K35 | L35: ='Semana 3'!L35 | M35: ='Semana 3'!M35 | ... R35: ='Semana 3'!R35 | S35: =I35*J35+K35*L35+M35*N35+O35*P35+Q35*R35 -> 0
C36: ='Semana 3'!C36 | D36: ='Semana 3'!D36 | F36: ='Semana 3'!F36 | G36: ='Semana 3'!G36 | H36: ='Semana 3'!H36 | I36: ='Semana 3'!I36 | J36: ='Semana 3'!J36 | K36: ='Semana 3'!K36 | L36: ='Semana 3'!L36 | M36: ='Semana 3'!M36 | ... R36: ='Semana 3'!R36 | S36: =I36*J36+K36*L36+M36*N36+O36*P36+Q36*R36 -> 0
C37: ='Semana 3'!C37 | D37: ='Semana 3'!D37 | F37: ='Semana 3'!F37 | G37: ='Semana 3'!G37 | H37: ='Semana 3'!H37 | I37: ='Semana 3'!I37 | J37: ='Semana 3'!J37 | K37: ='Semana 3'!K37 | L37: ='Semana 3'!L37 | M37: ='Semana 3'!M37 | ... R37: ='Semana 3'!R37 | S37: =I37*J37+K37*L37+M37*N37+O37*P37+Q37*R37 -> 0
C38: ='Semana 3'!C38 | D38: ='Semana 3'!D38 | F38: ='Semana 3'!F38 | G38: ='Semana 3'!G38 | H38: ='Semana 3'!H38 | I38: ='Semana 3'!I38 | J38: ='Semana 3'!J38 | K38: ='Semana 3'!K38 | L38: ='Semana 3'!L38 | M38: ='Semana 3'!M38 | ... R38: ='Semana 3'!R38 | S38: =I38*J38+K38*L38+M38*N38+O38*P38+Q38*R38 -> 0
B39: Duración de la sesión | D39: DOMS | F39: GRUPO MUSCULAR | M39: PESAJE DEL DÍA | Q39: ESFUERZO GRAL.
B41: ='Semana 3'!B41 -> DÍA 4: ESTRUCTURA | F41: Series | G41: RIR/RPE | H41: Descanso | I41: Serie 1 | K41: Serie 2 | M41: Serie 3 | O41: Serie 4 | Q41: Serie 5 | S41: Tonelaje
B42: Notas del alumno | C42: Categoría de ejercicio | D42: Ejercicios | E42: Feedback Técnico | I42: Reps | J42: Kg | K42: Reps | L42: Kg | M42: Reps | N42: Kg | O42: Reps | P42: Kg | Q42: Reps | R42: Kg
C43: ='Semana 3'!C43 | D43: ='Semana 3'!D43 | F43: ='Semana 3'!F43 | G43: ='Semana 3'!G43 | H43: ='Semana 3'!H43 | I43: ='Semana 3'!I43 | J43: ='Semana 3'!J43 | K43: ='Semana 3'!K43 | L43: ='Semana 3'!L43 | M43: ='Semana 3'!M43 | ... R43: ='Semana 3'!R43 | S43: =I43*J43+K43*L43+M43*N43+O43*P43+Q43*R43 -> 0
C44: ='Semana 3'!C44 | D44: ='Semana 3'!D44 | F44: ='Semana 3'!F44 | G44: ='Semana 3'!G44 | H44: ='Semana 3'!H44 | I44: ='Semana 3'!I44 | J44: ='Semana 3'!J44 | K44: ='Semana 3'!K44 | L44: ='Semana 3'!L44 | M44: ='Semana 3'!M44 | ... R44: ='Semana 3'!R44 | S44: =I44*J44+K44*L44+M44*N44+O44*P44+Q44*R44 -> 0
C45: ='Semana 3'!C45 | D45: ='Semana 3'!D45 | F45: ='Semana 3'!F45 | G45: ='Semana 3'!G45 | H45: ='Semana 3'!H45 | I45: ='Semana 3'!I45 | J45: ='Semana 3'!J45 | K45: ='Semana 3'!K45 | L45: ='Semana 3'!L45 | M45: ='Semana 3'!M45 | ... R45: ='Semana 3'!R45 | S45: =I45*J45+K45*L45+M45*N45+O45*P45+Q45*R45 -> 0
C46: ='Semana 3'!C46 | D46: ='Semana 3'!D46 | F46: ='Semana 3'!F46 | G46: ='Semana 3'!G46 | H46: ='Semana 3'!H46 | I46: ='Semana 3'!I46 | J46: ='Semana 3'!J46 | K46: ='Semana 3'!K46 | L46: ='Semana 3'!L46 | M46: ='Semana 3'!M46 | ... R46: ='Semana 3'!R46 | S46: =I46*J46+K46*L46+M46*N46+O46*P46+Q46*R46 -> 0
C47: ='Semana 3'!C47 | D47: ='Semana 3'!D47 | F47: ='Semana 3'!F47 | G47: ='Semana 3'!G47 | H47: ='Semana 3'!H47 | I47: ='Semana 3'!I47 | J47: ='Semana 3'!J47 | K47: ='Semana 3'!K47 | L47: ='Semana 3'!L47 | M47: ='Semana 3'!M47 | ... R47: ='Semana 3'!R47 | S47: =I47*J47+K47*L47+M47*N47+O47*P47+Q47*R47 -> 0
C48: ='Semana 3'!C48 | D48: ='Semana 3'!D48 | F48: ='Semana 3'!F48 | G48: ='Semana 3'!G48 | H48: ='Semana 3'!H48 | I48: ='Semana 3'!I48 | J48: ='Semana 3'!J48 | K48: ='Semana 3'!K48 | L48: ='Semana 3'!L48 | M48: ='Semana 3'!M48 | ... R48: ='Semana 3'!R48 | S48: =I48*J48+K48*L48+M48*N48+O48*P48+Q48*R48 -> 0
C49: ='Semana 3'!C49 | D49: ='Semana 3'!D49 | F49: ='Semana 3'!F49 | G49: ='Semana 3'!G49 | H49: ='Semana 3'!H49 | I49: ='Semana 3'!I49 | J49: ='Semana 3'!J49 | K49: ='Semana 3'!K49 | L49: ='Semana 3'!L49 | M49: ='Semana 3'!M49 | ... R49: ='Semana 3'!R49 | S49: =I49*J49+K49*L49+M49*N49+O49*P49+Q49*R49 -> 0
C50: ='Semana 3'!C50 | D50: ='Semana 3'!D50 | F50: ='Semana 3'!F50 | G50: ='Semana 3'!G50 | H50: ='Semana 3'!H50 | I50: ='Semana 3'!I50 | J50: ='Semana 3'!J50 | K50: ='Semana 3'!K50 | L50: ='Semana 3'!L50 | M50: ='Semana 3'!M50 | ... R50: ='Semana 3'!R50 | S50: =I50*J50+K50*L50+M50*N50+O50*P50+Q50*R50 -> 0
B51: Duración de la sesión | D51: DOMS | F51: GRUPO MUSCULAR | M51: PESAJE DEL DÍA | Q51: ESFUERZO GRAL.
B53: ='Semana 3'!B53 -> DÍA 5: ESTRUCTURA | F53: Series | G53: RIR/RPE | H53: Descanso | I53: Serie 1 | K53: Serie 2 | M53: Serie 3 | O53: Serie 4 | Q53: Serie 5 | S53: Tonelaje
B54: Notas del alumno | C54: Categoría de ejercicio | D54: Ejercicios | E54: Feedback Técnico | I54: Reps | J54: Kg | K54: Reps | L54: Kg | M54: Reps | N54: Kg | O54: Reps | P54: Kg | Q54: Reps | R54: Kg
C55: ='Semana 3'!C55 | D55: ='Semana 3'!D55 | F55: ='Semana 3'!F55 | G55: ='Semana 3'!G55 | H55: ='Semana 3'!H55 | I55: ='Semana 3'!I55 | J55: ='Semana 3'!J55 | K55: ='Semana 3'!K55 | L55: ='Semana 3'!L55 | M55: ='Semana 3'!M55 | ... R55: ='Semana 3'!R55 | S55: =I55*J55+K55*L55+M55*N55+O55*P55+Q55*R55 -> 0
C56: ='Semana 3'!C56 | D56: ='Semana 3'!D56 | F56: ='Semana 3'!F56 | G56: ='Semana 3'!G56 | H56: ='Semana 3'!H56 | I56: ='Semana 3'!I56 | J56: ='Semana 3'!J56 | K56: ='Semana 3'!K56 | L56: ='Semana 3'!L56 | M56: ='Semana 3'!M56 | ... R56: ='Semana 3'!R56 | S56: =I56*J56+K56*L56+M56*N56+O56*P56+Q56*R56 -> 0
C57: ='Semana 3'!C57 | D57: ='Semana 3'!D57 | F57: ='Semana 3'!F57 | G57: ='Semana 3'!G57 | H57: ='Semana 3'!H57 | I57: ='Semana 3'!I57 | J57: ='Semana 3'!J57 | K57: ='Semana 3'!K57 | L57: ='Semana 3'!L57 | M57: ='Semana 3'!M57 | ... R57: ='Semana 3'!R57 | S57: =I57*J57+K57*L57+M57*N57+O57*P57+Q57*R57 -> 0
C58: ='Semana 3'!C58 | D58: ='Semana 3'!D58 | F58: ='Semana 3'!F58 | G58: ='Semana 3'!G58 | H58: ='Semana 3'!H58 | I58: ='Semana 3'!I58 | J58: ='Semana 3'!J58 | K58: ='Semana 3'!K58 | L58: ='Semana 3'!L58 | M58: ='Semana 3'!M58 | ... R58: ='Semana 3'!R58 | S58: =I58*J58+K58*L58+M58*N58+O58*P58+Q58*R58 -> 0
C59: ='Semana 3'!C59 | D59: ='Semana 3'!D59 | F59: ='Semana 3'!F59 | G59: ='Semana 3'!G59 | H59: ='Semana 3'!H59 | I59: ='Semana 3'!I59 | J59: ='Semana 3'!J59 | K59: ='Semana 3'!K59 | L59: ='Semana 3'!L59 | M59: ='Semana 3'!M59 | ... R59: ='Semana 3'!R59 | S59: =I59*J59+K59*L59+M59*N59+O59*P59+Q59*R59 -> 0
C60: ='Semana 3'!C60 | D60: ='Semana 3'!D60 | F60: ='Semana 3'!F60 | G60: ='Semana 3'!G60 | H60: ='Semana 3'!H60 | I60: ='Semana 3'!I60 | J60: ='Semana 3'!J60 | K60: ='Semana 3'!K60 | L60: ='Semana 3'!L60 | M60: ='Semana 3'!M60 | ... R60: ='Semana 3'!R60 | S60: =I60*J60+K60*L60+M60*N60+O60*P60+Q60*R60 -> 0
C61: ='Semana 3'!C61 | D61: ='Semana 3'!D61 | F61: ='Semana 3'!F61 | G61: ='Semana 3'!G61 | H61: ='Semana 3'!H61 | I61: ='Semana 3'!I61 | J61: ='Semana 3'!J61 | K61: ='Semana 3'!K61 | L61: ='Semana 3'!L61 | M61: ='Semana 3'!M61 | ... R61: ='Semana 3'!R61 | S61: =I61*J61+K61*L61+M61*N61+O61*P61+Q61*R61 -> 0
C62: ='Semana 3'!C62 | D62: ='Semana 3'!D62 | F62: ='Semana 3'!F62 | G62: ='Semana 3'!G62 | H62: ='Semana 3'!H62 | I62: ='Semana 3'!I62 | J62: ='Semana 3'!J62 | K62: ='Semana 3'!K62 | L62: ='Semana 3'!L62 | M62: ='Semana 3'!M62 | ... R62: ='Semana 3'!R62 | S62: =I62*J62+K62*L62+M62*N62+O62*P62+Q62*R62 -> 0
B63: Duración de la sesión | D63: DOMS | F63: GRUPO MUSCULAR | M63: PESAJE DEL DÍA | Q63: ESFUERZO GRAL.
B65: ='Semana 3'!B65 -> DÍA 6: ESTRUCTURA | F65: Series | G65: RIR/RPE | H65: Descanso | I65: Serie 1 | K65: Serie 2 | M65: Serie 3 | O65: Serie 4 | Q65: Serie 5 | S65: Tonelaje
B66: Notas del alumno | C66: Categoría de ejercicio | D66: Ejercicios | E66: Feedback Técnico | I66: Reps | J66: Kg | K66: Reps | L66: Kg | M66: Reps | N66: Kg | O66: Reps | P66: Kg | Q66: Reps | R66: Kg
C67: ='Semana 3'!C67 | D67: ='Semana 3'!D67 | F67: ='Semana 3'!F67 | G67: ='Semana 3'!G67 | H67: ='Semana 3'!H67 | I67: ='Semana 3'!I67 | J67: ='Semana 3'!J67 | K67: ='Semana 3'!K67 | L67: ='Semana 3'!L67 | M67: ='Semana 3'!M67 | ... R67: ='Semana 3'!R67 | S67: =I67*J67+K67*L67+M67*N67+O67*P67+Q67*R67 -> 0
C68: ='Semana 3'!C68 | D68: ='Semana 3'!D68 | F68: ='Semana 3'!F68 | G68: ='Semana 3'!G68 | H68: ='Semana 3'!H68 | I68: ='Semana 3'!I68 | J68: ='Semana 3'!J68 | K68: ='Semana 3'!K68 | L68: ='Semana 3'!L68 | M68: ='Semana 3'!M68 | ... R68: ='Semana 3'!R68 | S68: =I68*J68+K68*L68+M68*N68+O68*P68+Q68*R68 -> 0
C69: ='Semana 3'!C69 | D69: ='Semana 3'!D69 | F69: ='Semana 3'!F69 | G69: ='Semana 3'!G69 | H69: ='Semana 3'!H69 | I69: ='Semana 3'!I69 | J69: ='Semana 3'!J69 | K69: ='Semana 3'!K69 | L69: ='Semana 3'!L69 | M69: ='Semana 3'!M69 | ... R69: ='Semana 3'!R69 | S69: =I69*J69+K69*L69+M69*N69+O69*P69+Q69*R69 -> 0
C70: ='Semana 3'!C70 | D70: ='Semana 3'!D70 | F70: ='Semana 3'!F70 | G70: ='Semana 3'!G70 | H70: ='Semana 3'!H70 | I70: ='Semana 3'!I70 | J70: ='Semana 3'!J70 | K70: ='Semana 3'!K70 | L70: ='Semana 3'!L70 | M70: ='Semana 3'!M70 | ... R70: ='Semana 3'!R70 | S70: =I70*J70+K70*L70+M70*N70+O70*P70+Q70*R70 -> 0
C71: ='Semana 3'!C71 | D71: ='Semana 3'!D71 | F71: ='Semana 3'!F71 | G71: ='Semana 3'!G71 | H71: ='Semana 3'!H71 | I71: ='Semana 3'!I71 | J71: ='Semana 3'!J71 | K71: ='Semana 3'!K71 | L71: ='Semana 3'!L71 | M71: ='Semana 3'!M71 | ... R71: ='Semana 3'!R71 | S71: =I71*J71+K71*L71+M71*N71+O71*P71+Q71*R71 -> 0
C72: ='Semana 3'!C72 | D72: ='Semana 3'!D72 | F72: ='Semana 3'!F72 | G72: ='Semana 3'!G72 | H72: ='Semana 3'!H72 | I72: ='Semana 3'!I72 | J72: ='Semana 3'!J72 | K72: ='Semana 3'!K72 | L72: ='Semana 3'!L72 | M72: ='Semana 3'!M72 | ... R72: ='Semana 3'!R72 | S72: =I72*J72+K72*L72+M72*N72+O72*P72+Q72*R72 -> 0
C73: ='Semana 3'!C73 | D73: ='Semana 3'!D73 | F73: ='Semana 3'!F73 | G73: ='Semana 3'!G73 | H73: ='Semana 3'!H73 | I73: ='Semana 3'!I73 | J73: ='Semana 3'!J73 | K73: ='Semana 3'!K73 | L73: ='Semana 3'!L73 | M73: ='Semana 3'!M73 | ... R73: ='Semana 3'!R73 | S73: =I73*J73+K73*L73+M73*N73+O73*P73+Q73*R73 -> 0
C74: ='Semana 3'!C74 | D74: ='Semana 3'!D74 | F74: ='Semana 3'!F74 | G74: ='Semana 3'!G74 | H74: ='Semana 3'!H74 | I74: ='Semana 3'!I74 | J74: ='Semana 3'!J74 | K74: ='Semana 3'!K74 | L74: ='Semana 3'!L74 | M74: ='Semana 3'!M74 | ... R74: ='Semana 3'!R74 | S74: =I74*J74+K74*L74+M74*N74+O74*P74+Q74*R74 -> 0
B75: Duración de la sesión | D75: DOMS | F75: GRUPO MUSCULAR | M75: PESAJE DEL DÍA | Q75: ESFUERZO GRAL.
M78: PESO PROMEDIO SEMANA | P78: =IFERROR(AVERAGE(O15,O27,O39,O51,O63,O75),"0,0 KG") -> 0,0 KG

Sheet Semana 5
C2: Entrenador/a | D2: ='Semana 1'!D2 -> Tu nombre y apellido | F2: Fecha de hoy | I2: =TODAY() -> 46305 | P2: Semanas trascurridas
C3: Nombre del alumno | D3: ='Semana 1'!D3 -> El nombre y apellido del alumno | F3: Fecha de inicio | I3: ='Semana 1'!I3 -> 45901 | P3: ='Semana 1'!P3 -> 57
B5: ='Semana 4'!B5 -> DÍA 1: ESTRUCTURA | F5: Series | G5: RIR/RPE | H5: Descanso | I5: Serie 1 | K5: Serie 2 | M5: Serie 3 | O5: Serie 4 | Q5: Serie 5 | S5: Tonelaje
B6: Notas del alumno | C6: Categoría de ejercicio | D6: Ejercicios | E6: Feedback Técnico | I6: Reps | J6: Kg | K6: Reps | L6: Kg | M6: Reps | N6: Kg | O6: Reps | P6: Kg | Q6: Reps | R6: Kg
C7: ='Semana 4'!C7 | D7: ='Semana 4'!D7 | F7: ='Semana 4'!F7 | G7: ='Semana 4'!G7 | H7: ='Semana 4'!H7 | I7: ='Semana 4'!I7 | J7: ='Semana 4'!J7 | K7: ='Semana 4'!K7 | L7: ='Semana 4'!L7 | M7: ='Semana 4'!M7 | ... R7: ='Semana 4'!R7 | S7: =I7*J7+K7*L7+M7*N7+O7*P7+Q7*R7 -> 0
C8: ='Semana 4'!C8 | D8: ='Semana 4'!D8 | F8: ='Semana 4'!F8 | G8: ='Semana 4'!G8 | H8: ='Semana 4'!H8 | I8: ='Semana 4'!I8 | J8: ='Semana 4'!J8 | K8: ='Semana 4'!K8 | L8: ='Semana 4'!L8 | M8: ='Semana 4'!M8 | ... R8: ='Semana 4'!R8 | S8: =I8*J8+K8*L8+M8*N8+O8*P8+Q8*R8 -> 0
C9: ='Semana 4'!C9 | D9: ='Semana 4'!D9 | F9: ='Semana 4'!F9 | G9: ='Semana 4'!G9 | H9: ='Semana 4'!H9 | I9: ='Semana 4'!I9 | J9: ='Semana 4'!J9 | K9: ='Semana 4'!K9 | L9: ='Semana 4'!L9 | M9: ='Semana 4'!M9 | ... R9: ='Semana 4'!R9 | S9: =I9*J9+K9*L9+M9*N9+O9*P9+Q9*R9 -> 0
C10: ='Semana 4'!C10 | D10: ='Semana 4'!D10 | F10: ='Semana 4'!F10 | G10: ='Semana 4'!G10 | H10: ='Semana 4'!H10 | I10: ='Semana 4'!I10 | J10: ='Semana 4'!J10 | K10: ='Semana 4'!K10 | L10: ='Semana 4'!L10 | M10: ='Semana 4'!M10 | ... R10: ='Semana 4'!R10 | S10: =I10*J10+K10*L10+M10*N10+O10*P10+Q10*R10 -> 0
C11: ='Semana 4'!C11 | D11: ='Semana 4'!D11 | F11: ='Semana 4'!F11 | G11: ='Semana 4'!G11 | H11: ='Semana 4'!H11 | I11: ='Semana 4'!I11 | J11: ='Semana 4'!J11 | K11: ='Semana 4'!K11 | L11: ='Semana 4'!L11 | M11: ='Semana 4'!M11 | ... R11: ='Semana 4'!R11 | S11: =I11*J11+K11*L11+M11*N11+O11*P11+Q11*R11 -> 0
C12: ='Semana 4'!C12 | D12: ='Semana 4'!D12 | F12: ='Semana 4'!F12 | G12: ='Semana 4'!G12 | H12: ='Semana 4'!H12 | I12: ='Semana 4'!I12 | J12: ='Semana 4'!J12 | K12: ='Semana 4'!K12 | L12: ='Semana 4'!L12 | M12: ='Semana 4'!M12 | ... R12: ='Semana 4'!R12 | S12: =I12*J12+K12*L12+M12*N12+O12*P12+Q12*R12 -> 0
C13: ='Semana 4'!C13 | D13: ='Semana 4'!D13 | F13: ='Semana 4'!F13 | G13: ='Semana 4'!G13 | H13: ='Semana 4'!H13 | I13: ='Semana 4'!I13 | J13: ='Semana 4'!J13 | K13: ='Semana 4'!K13 | L13: ='Semana 4'!L13 | M13: ='Semana 4'!M13 | ... R13: ='Semana 4'!R13 | S13: =I13*J13+K13*L13+M13*N13+O13*P13+Q13*R13 -> 0
C14: ='Semana 4'!C14 | D14: ='Semana 4'!D14 | F14: ='Semana 4'!F14 | G14: ='Semana 4'!G14 | H14: ='Semana 4'!H14 | I14: ='Semana 4'!I14 | J14: ='Semana 4'!J14 | K14: ='Semana 4'!K14 | L14: ='Semana 4'!L14 | M14: ='Semana 4'!M14 | ... R14: ='Semana 4'!R14 | S14: =I14*J14+K14*L14+M14*N14+O14*P14+Q14*R14 -> 0
B15: Duración de la sesión | D15: DOMS | F15: GRUPO MUSCULAR | M15: PESAJE DEL DÍA | Q15: ESFUERZO GRAL.
B17: ='Semana 4'!B17 -> DÍA 2: ESTRUCTURA | F17: Series | G17: RIR/RPE | H17: Descanso | I17: Serie 1 | K17: Serie 2 | M17: Serie 3 | O17: Serie 4 | Q17: Serie 5 | S17: Tonelaje
B18: Notas del alumno | C18: Categoría de ejercicio | D18: Ejercicios | E18: Feedback Técnico | I18: Reps | J18: Kg | K18: Reps | L18: Kg | M18: Reps | N18: Kg | O18: Reps | P18: Kg | Q18: Reps | R18: Kg
C19: ='Semana 4'!C19 | D19: ='Semana 4'!D19 | F19: ='Semana 4'!F19 | G19: ='Semana 4'!G19 | H19: ='Semana 4'!H19 | I19: ='Semana 4'!I19 | J19: ='Semana 4'!J19 | K19: ='Semana 4'!K19 | L19: ='Semana 4'!L19 | M19: ='Semana 4'!M19 | ... R19: ='Semana 4'!R19 | S19: =I19*J19+K19*L19+M19*N19+O19*P19+Q19*R19 -> 0
C20: ='Semana 4'!C20 | D20: ='Semana 4'!D20 | F20: ='Semana 4'!F20 | G20: ='Semana 4'!G20 | H20: ='Semana 4'!H20 | I20: ='Semana 4'!I20 | J20: ='Semana 4'!J20 | K20: ='Semana 4'!K20 | L20: ='Semana 4'!L20 | M20: ='Semana 4'!M20 | ... R20: ='Semana 4'!R20 | S20: =I20*J20+K20*L20+M20*N20+O20*P20+Q20*R20 -> 0
C21: ='Semana 4'!C21 | D21: ='Semana 4'!D21 | F21: ='Semana 4'!F21 | G21: ='Semana 4'!G21 | H21: ='Semana 4'!H21 | I21: ='Semana 4'!I21 | J21: ='Semana 4'!J21 | K21: ='Semana 4'!K21 | L21: ='Semana 4'!L21 | M21: ='Semana 4'!M21 | ... R21: ='Semana 4'!R21 | S21: =I21*J21+K21*L21+M21*N21+O21*P21+Q21*R21 -> 0
C22: ='Semana 4'!C22 | D22: ='Semana 4'!D22 | F22: ='Semana 4'!F22 | G22: ='Semana 4'!G22 | H22: ='Semana 4'!H22 | I22: ='Semana 4'!I22 | J22: ='Semana 4'!J22 | K22: ='Semana 4'!K22 | L22: ='Semana 4'!L22 | M22: ='Semana 4'!M22 | ... R22: ='Semana 4'!R22 | S22: =I22*J22+K22*L22+M22*N22+O22*P22+Q22*R22 -> 0
C23: ='Semana 4'!C23 | D23: ='Semana 4'!D23 | F23: ='Semana 4'!F23 | G23: ='Semana 4'!G23 | H23: ='Semana 4'!H23 | I23: ='Semana 4'!I23 | J23: ='Semana 4'!J23 | K23: ='Semana 4'!K23 | L23: ='Semana 4'!L23 | M23: ='Semana 4'!M23 | ... R23: ='Semana 4'!R23 | S23: =I23*J23+K23*L23+M23*N23+O23*P23+Q23*R23 -> 0
C24: ='Semana 4'!C24 | D24: ='Semana 4'!D24 | F24: ='Semana 4'!F24 | G24: ='Semana 4'!G24 | H24: ='Semana 4'!H24 | I24: ='Semana 4'!I24 | J24: ='Semana 4'!J24 | K24: ='Semana 4'!K24 | L24: ='Semana 4'!L24 | M24: ='Semana 4'!M24 | ... R24: ='Semana 4'!R24 | S24: =I24*J24+K24*L24+M24*N24+O24*P24+Q24*R24 -> 0
C25: ='Semana 4'!C25 | D25: ='Semana 4'!D25 | F25: ='Semana 4'!F25 | G25: ='Semana 4'!G25 | H25: ='Semana 4'!H25 | I25: ='Semana 4'!I25 | J25: ='Semana 4'!J25 | K25: ='Semana 4'!K25 | L25: ='Semana 4'!L25 | M25: ='Semana 4'!M25 | ... R25: ='Semana 4'!R25 | S25: =I25*J25+K25*L25+M25*N25+O25*P25+Q25*R25 -> 0
C26: ='Semana 4'!C26 | D26: ='Semana 4'!D26 | F26: ='Semana 4'!F26 | G26: ='Semana 4'!G26 | H26: ='Semana 4'!H26 | I26: ='Semana 4'!I26 | J26: ='Semana 4'!J26 | K26: ='Semana 4'!K26 | L26: ='Semana 4'!L26 | M26: ='Semana 4'!M26 | ... R26: ='Semana 4'!R26 | S26: =I26*J26+K26*L26+M26*N26+O26*P26+Q26*R26 -> 0
B27: Duración de la sesión | D27: DOMS | F27: GRUPO MUSCULAR | M27: PESAJE DEL DÍA | Q27: ESFUERZO GRAL.
B29: ='Semana 4'!B29 -> DÍA 3: ESTRUCTURA | F29: Series | G29: RIR/RPE | H29: Descanso | I29: Serie 1 | K29: Serie 2 | M29: Serie 3 | O29: Serie 4 | Q29: Serie 5 | S29: Tonelaje
B30: Notas del alumno | C30: Categoría de ejercicio | D30: Ejercicios | E30: Feedback Técnico | I30: Reps | J30: Kg | K30: Reps | L30: Kg | M30: Reps | N30: Kg | O30: Reps | P30: Kg | Q30: Reps | R30: Kg
C31: ='Semana 4'!C31 | D31: ='Semana 4'!D31 | F31: ='Semana 4'!F31 | G31: ='Semana 4'!G31 | H31: ='Semana 4'!H31 | I31: ='Semana 4'!I31 | J31: ='Semana 4'!J31 | K31: ='Semana 4'!K31 | L31: ='Semana 4'!L31 | M31: ='Semana 4'!M31 | ... R31: ='Semana 4'!R31 | S31: =I31*J31+K31*L31+M31*N31+O31*P31+Q31*R31 -> 0
C32: ='Semana 4'!C32 | D32: ='Semana 4'!D32 | F32: ='Semana 4'!F32 | G32: ='Semana 4'!G32 | H32: ='Semana 4'!H32 | I32: ='Semana 4'!I32 | J32: ='Semana 4'!J32 | K32: ='Semana 4'!K32 | L32: ='Semana 4'!L32 | M32: ='Semana 4'!M32 | ... R32: ='Semana 4'!R32 | S32: =I32*J32+K32*L32+M32*N32+O32*P32+Q32*R32 -> 0
C33: ='Semana 4'!C33 | D33: ='Semana 4'!D33 | F33: ='Semana 4'!F33 | G33: ='Semana 4'!G33 | H33: ='Semana 4'!H33 | I33: ='Semana 4'!I33 | J33: ='Semana 4'!J33 | K33: ='Semana 4'!K33 | L33: ='Semana 4'!L33 | M33: ='Semana 4'!M33 | ... R33: ='Semana 4'!R33 | S33: =I33*J33+K33*L33+M33*N33+O33*P33+Q33*R33 -> 0
C34: ='Semana 4'!C34 | D34: ='Semana 4'!D34 | F34: ='Semana 4'!F34 | G34: ='Semana 4'!G34 | H34: ='Semana 4'!H34 | I34: ='Semana 4'!I34 | J34: ='Semana 4'!J34 | K34: ='Semana 4'!K34 | L34: ='Semana 4'!L34 | M34: ='Semana 4'!M34 | ... R34: ='Semana 4'!R34 | S34: =I34*J34+K34*L34+M34*N34+O34*P34+Q34*R34 -> 0
C35: ='Semana 4'!C35 | D35: ='Semana 4'!D35 | F35: ='Semana 4'!F35 | G35: ='Semana 4'!G35 | H35: ='Semana 4'!H35 | I35: ='Semana 4'!I35 | J35: ='Semana 4'!J35 | K35: ='Semana 4'!K35 | L35: ='Semana 4'!L35 | M35: ='Semana 4'!M35 | ... R35: ='Semana 4'!R35 | S35: =I35*J35+K35*L35+M35*N35+O35*P35+Q35*R35 -> 0
C36: ='Semana 4'!C36 | D36: ='Semana 4'!D36 | F36: ='Semana 4'!F36 | G36: ='Semana 4'!G36 | H36: ='Semana 4'!H36 | I36: ='Semana 4'!I36 | J36: ='Semana 4'!J36 | K36: ='Semana 4'!K36 | L36: ='Semana 4'!L36 | M36: ='Semana 4'!M36 | ... R36: ='Semana 4'!R36 | S36: =I36*J36+K36*L36+M36*N36+O36*P36+Q36*R36 -> 0
C37: ='Semana 4'!C37 | D37: ='Semana 4'!D37 | F37: ='Semana 4'!F37 | G37: ='Semana 4'!G37 | H37: ='Semana 4'!H37 | I37: ='Semana 4'!I37 | J37: ='Semana 4'!J37 | K37: ='Semana 4'!K37 | L37: ='Semana 4'!L37 | M37: ='Semana 4'!M37 | ... R37: ='Semana 4'!R37 | S37: =I37*J37+K37*L37+M37*N37+O37*P37+Q37*R37 -> 0
C38: ='Semana 4'!C38 | D38: ='Semana 4'!D38 | F38: ='Semana 4'!F38 | G38: ='Semana 4'!G38 | H38: ='Semana 4'!H38 | I38: ='Semana 4'!I38 | J38: ='Semana 4'!J38 | K38: ='Semana 4'!K38 | L38: ='Semana 4'!L38 | M38: ='Semana 4'!M38 | ... R38: ='Semana 4'!R38 | S38: =I38*J38+K38*L38+M38*N38+O38*P38+Q38*R38 -> 0
B39: Duración de la sesión | D39: DOMS | F39: GRUPO MUSCULAR | M39: PESAJE DEL DÍA | Q39: ESFUERZO GRAL.
B41: ='Semana 4'!B41 -> DÍA 4: ESTRUCTURA | F41: Series | G41: RIR/RPE | H41: Descanso | I41: Serie 1 | K41: Serie 2 | M41: Serie 3 | O41: Serie 4 | Q41: Serie 5 | S41: Tonelaje
B42: Notas del alumno | C42: Categoría de ejercicio | D42: Ejercicios | E42: Feedback Técnico | I42: Reps | J42: Kg | K42: Reps | L42: Kg | M42: Reps | N42: Kg | O42: Reps | P42: Kg | Q42: Reps | R42: Kg
C43: ='Semana 4'!C43 | D43: ='Semana 4'!D43 | F43: ='Semana 4'!F43 | G43: ='Semana 4'!G43 | H43: ='Semana 4'!H43 | I43: ='Semana 4'!I43 | J43: ='Semana 4'!J43 | K43: ='Semana 4'!K43 | L43: ='Semana 4'!L43 | M43: ='Semana 4'!M43 | ... R43: ='Semana 4'!R43 | S43: =I43*J43+K43*L43+M43*N43+O43*P43+Q43*R43 -> 0
C44: ='Semana 4'!C44 | D44: ='Semana 4'!D44 | F44: ='Semana 4'!F44 | G44: ='Semana 4'!G44 | H44: ='Semana 4'!H44 | I44: ='Semana 4'!I44 | J44: ='Semana 4'!J44 | K44: ='Semana 4'!K44 | L44: ='Semana 4'!L44 | M44: ='Semana 4'!M44 | ... R44: ='Semana 4'!R44 | S44: =I44*J44+K44*L44+M44*N44+O44*P44+Q44*R44 -> 0
C45: ='Semana 4'!C45 | D45: ='Semana 4'!D45 | F45: ='Semana 4'!F45 | G45: ='Semana 4'!G45 | H45: ='Semana 4'!H45 | I45: ='Semana 4'!I45 | J45: ='Semana 4'!J45 | K45: ='Semana 4'!K45 | L45: ='Semana 4'!L45 | M45: ='Semana 4'!M45 | ... R45: ='Semana 4'!R45 | S45: =I45*J45+K45*L45+M45*N45+O45*P45+Q45*R45 -> 0
C46: ='Semana 4'!C46 | D46: ='Semana 4'!D46 | F46: ='Semana 4'!F46 | G46: ='Semana 4'!G46 | H46: ='Semana 4'!H46 | I46: ='Semana 4'!I46 | J46: ='Semana 4'!J46 | K46: ='Semana 4'!K46 | L46: ='Semana 4'!L46 | M46: ='Semana 4'!M46 | ... R46: ='Semana 4'!R46 | S46: =I46*J46+K46*L46+M46*N46+O46*P46+Q46*R46 -> 0
C47: ='Semana 4'!C47 | D47: ='Semana 4'!D47 | F47: ='Semana 4'!F47 | G47: ='Semana 4'!G47 | H47: ='Semana 4'!H47 | I47: ='Semana 4'!I47 | J47: ='Semana 4'!J47 | K47: ='Semana 4'!K47 | L47: ='Semana 4'!L47 | M47: ='Semana 4'!M47 | ... R47: ='Semana 4'!R47 | S47: =I47*J47+K47*L47+M47*N47+O47*P47+Q47*R47 -> 0
C48: ='Semana 4'!C48 | D48: ='Semana 4'!D48 | F48: ='Semana 4'!F48 | G48: ='Semana 4'!G48 | H48: ='Semana 4'!H48 | I48: ='Semana 4'!I48 | J48: ='Semana 4'!J48 | K48: ='Semana 4'!K48 | L48: ='Semana 4'!L48 | M48: ='Semana 4'!M48 | ... R48: ='Semana 4'!R48 | S48: =I48*J48+K48*L48+M48*N48+O48*P48+Q48*R48 -> 0
C49: ='Semana 4'!C49 | D49: ='Semana 4'!D49 | F49: ='Semana 4'!F49 | G49: ='Semana 4'!G49 | H49: ='Semana 4'!H49 | I49: ='Semana 4'!I49 | J49: ='Semana 4'!J49 | K49: ='Semana 4'!K49 | L49: ='Semana 4'!L49 | M49: ='Semana 4'!M49 | ... R49: ='Semana 4'!R49 | S49: =I49*J49+K49*L49+M49*N49+O49*P49+Q49*R49 -> 0
C50: ='Semana 4'!C50 | D50: ='Semana 4'!D50 | F50: ='Semana 4'!F50 | G50: ='Semana 4'!G50 | H50: ='Semana 4'!H50 | I50: ='Semana 4'!I50 | J50: ='Semana 4'!J50 | K50: ='Semana 4'!K50 | L50: ='Semana 4'!L50 | M50: ='Semana 4'!M50 | ... R50: ='Semana 4'!R50 | S50: =I50*J50+K50*L50+M50*N50+O50*P50+Q50*R50 -> 0
B51: Duración de la sesión | D51: DOMS | F51: GRUPO MUSCULAR | M51: PESAJE DEL DÍA | Q51: ESFUERZO GRAL.
B53: ='Semana 4'!B53 -> DÍA 5: ESTRUCTURA | F53: Series | G53: RIR/RPE | H53: Descanso | I53: Serie 1 | K53: Serie 2 | M53: Serie 3 | O53: Serie 4 | Q53: Serie 5 | S53: Tonelaje
B54: Notas del alumno | C54: Categoría de ejercicio | D54: Ejercicios | E54: Feedback Técnico | I54: Reps | J54: Kg | K54: Reps | L54: Kg | M54: Reps | N54: Kg | O54: Reps | P54: Kg | Q54: Reps | R54: Kg
C55: ='Semana 4'!C55 | D55: ='Semana 4'!D55 | F55: ='Semana 4'!F55 | G55: ='Semana 4'!G55 | H55: ='Semana 4'!H55 | I55: ='Semana 4'!I55 | J55: ='Semana 4'!J55 | K55: ='Semana 4'!K55 | L55: ='Semana 4'!L55 | M55: ='Semana 4'!M55 | ... R55: ='Semana 4'!R55 | S55: =I55*J55+K55*L55+M55*N55+O55*P55+Q55*R55 -> 0
C56: ='Semana 4'!C56 | D56: ='Semana 4'!D56 | F56: ='Semana 4'!F56 | G56: ='Semana 4'!G56 | H56: ='Semana 4'!H56 | I56: ='Semana 4'!I56 | J56: ='Semana 4'!J56 | K56: ='Semana 4'!K56 | L56: ='Semana 4'!L56 | M56: ='Semana 4'!M56 | ... R56: ='Semana 4'!R56 | S56: =I56*J56+K56*L56+M56*N56+O56*P56+Q56*R56 -> 0
C57: ='Semana 4'!C57 | D57: ='Semana 4'!D57 | F57: ='Semana 4'!F57 | G57: ='Semana 4'!G57 | H57: ='Semana 4'!H57 | I57: ='Semana 4'!I57 | J57: ='Semana 4'!J57 | K57: ='Semana 4'!K57 | L57: ='Semana 4'!L57 | M57: ='Semana 4'!M57 | ... R57: ='Semana 4'!R57 | S57: =I57*J57+K57*L57+M57*N57+O57*P57+Q57*R57 -> 0
C58: ='Semana 4'!C58 | D58: ='Semana 4'!D58 | F58: ='Semana 4'!F58 | G58: ='Semana 4'!G58 | H58: ='Semana 4'!H58 | I58: ='Semana 4'!I58 | J58: ='Semana 4'!J58 | K58: ='Semana 4'!K58 | L58: ='Semana 4'!L58 | M58: ='Semana 4'!M58 | ... R58: ='Semana 4'!R58 | S58: =I58*J58+K58*L58+M58*N58+O58*P58+Q58*R58 -> 0
C59: ='Semana 4'!C59 | D59: ='Semana 4'!D59 | F59: ='Semana 4'!F59 | G59: ='Semana 4'!G59 | H59: ='Semana 4'!H59 | I59: ='Semana 4'!I59 | J59: ='Semana 4'!J59 | K59: ='Semana 4'!K59 | L59: ='Semana 4'!L59 | M59: ='Semana 4'!M59 | ... R59: ='Semana 4'!R59 | S59: =I59*J59+K59*L59+M59*N59+O59*P59+Q59*R59 -> 0
C60: ='Semana 4'!C60 | D60: ='Semana 4'!D60 | F60: ='Semana 4'!F60 | G60: ='Semana 4'!G60 | H60: ='Semana 4'!H60 | I60: ='Semana 4'!I60 | J60: ='Semana 4'!J60 | K60: ='Semana 4'!K60 | L60: ='Semana 4'!L60 | M60: ='Semana 4'!M60 | ... R60: ='Semana 4'!R60 | S60: =I60*J60+K60*L60+M60*N60+O60*P60+Q60*R60 -> 0
C61: ='Semana 4'!C61 | D61: ='Semana 4'!D61 | F61: ='Semana 4'!F61 | G61: ='Semana 4'!G61 | H61: ='Semana 4'!H61 | I61: ='Semana 4'!I61 | J61: ='Semana 4'!J61 | K61: ='Semana 4'!K61 | L61: ='Semana 4'!L61 | M61: ='Semana 4'!M61 | ... R61: ='Semana 4'!R61 | S61: =I61*J61+K61*L61+M61*N61+O61*P61+Q61*R61 -> 0
C62: ='Semana 4'!C62 | D62: ='Semana 4'!D62 | F62: ='Semana 4'!F62 | G62: ='Semana 4'!G62 | H62: ='Semana 4'!H62 | I62: ='Semana 4'!I62 | J62: ='Semana 4'!J62 | K62: ='Semana 4'!K62 | L62: ='Semana 4'!L62 | M62: ='Semana 4'!M62 | ... R62: ='Semana 4'!R62 | S62: =I62*J62+K62*L62+M62*N62+O62*P62+Q62*R62 -> 0
B63: Duración de la sesión | D63: DOMS | F63: GRUPO MUSCULAR | M63: PESAJE DEL DÍA | Q63: ESFUERZO GRAL.
B65: ='Semana 4'!B65 -> DÍA 6: ESTRUCTURA | F65: Series | G65: RIR/RPE | H65: Descanso | I65: Serie 1 | K65: Serie 2 | M65: Serie 3 | O65: Serie 4 | Q65: Serie 5 | S65: Tonelaje
B66: Notas del alumno | C66: Categoría de ejercicio | D66: Ejercicios | E66: Feedback Técnico | I66: Reps | J66: Kg | K66: Reps | L66: Kg | M66: Reps | N66: Kg | O66: Reps | P66: Kg | Q66: Reps | R66: Kg
C67: ='Semana 4'!C67 | D67: ='Semana 4'!D67 | F67: ='Semana 4'!F67 | G67: ='Semana 4'!G67 | H67: ='Semana 4'!H67 | I67: ='Semana 4'!I67 | J67: ='Semana 4'!J67 | K67: ='Semana 4'!K67 | L67: ='Semana 4'!L67 | M67: ='Semana 4'!M67 | ... R67: ='Semana 4'!R67 | S67: =I67*J67+K67*L67+M67*N67+O67*P67+Q67*R67 -> 0
C68: ='Semana 4'!C68 | D68: ='Semana 4'!D68 | F68: ='Semana 4'!F68 | G68: ='Semana 4'!G68 | H68: ='Semana 4'!H68 | I68: ='Semana 4'!I68 | J68: ='Semana 4'!J68 | K68: ='Semana 4'!K68 | L68: ='Semana 4'!L68 | M68: ='Semana 4'!M68 | ... R68: ='Semana 4'!R68 | S68: =I68*J68+K68*L68+M68*N68+O68*P68+Q68*R68 -> 0
C69: ='Semana 4'!C69 | D69: ='Semana 4'!D69 | F69: ='Semana 4'!F69 | G69: ='Semana 4'!G69 | H69: ='Semana 4'!H69 | I69: ='Semana 4'!I69 | J69: ='Semana 4'!J69 | K69: ='Semana 4'!K69 | L69: ='Semana 4'!L69 | M69: ='Semana 4'!M69 | ... R69: ='Semana 4'!R69 | S69: =I69*J69+K69*L69+M69*N69+O69*P69+Q69*R69 -> 0
C70: ='Semana 4'!C70 | D70: ='Semana 4'!D70 | F70: ='Semana 4'!F70 | G70: ='Semana 4'!G70 | H70: ='Semana 4'!H70 | I70: ='Semana 4'!I70 | J70: ='Semana 4'!J70 | K70: ='Semana 4'!K70 | L70: ='Semana 4'!L70 | M70: ='Semana 4'!M70 | ... R70: ='Semana 4'!R70 | S70: =I70*J70+K70*L70+M70*N70+O70*P70+Q70*R70 -> 0
C71: ='Semana 4'!C71 | D71: ='Semana 4'!D71 | F71: ='Semana 4'!F71 | G71: ='Semana 4'!G71 | H71: ='Semana 4'!H71 | I71: ='Semana 4'!I71 | J71: ='Semana 4'!J71 | K71: ='Semana 4'!K71 | L71: ='Semana 4'!L71 | M71: ='Semana 4'!M71 | ... R71: ='Semana 4'!R71 | S71: =I71*J71+K71*L71+M71*N71+O71*P71+Q71*R71 -> 0
C72: ='Semana 4'!C72 | D72: ='Semana 4'!D72 | F72: ='Semana 4'!F72 | G72: ='Semana 4'!G72 | H72: ='Semana 4'!H72 | I72: ='Semana 4'!I72 | J72: ='Semana 4'!J72 | K72: ='Semana 4'!K72 | L72: ='Semana 4'!L72 | M72: ='Semana 4'!M72 | ... R72: ='Semana 4'!R72 | S72: =I72*J72+K72*L72+M72*N72+O72*P72+Q72*R72 -> 0
C73: ='Semana 4'!C73 | D73: ='Semana 4'!D73 | F73: ='Semana 4'!F73 | G73: ='Semana 4'!G73 | H73: ='Semana 4'!H73 | I73: ='Semana 4'!I73 | J73: ='Semana 4'!J73 | K73: ='Semana 4'!K73 | L73: ='Semana 4'!L73 | M73: ='Semana 4'!M73 | ... R73: ='Semana 4'!R73 | S73: =I73*J73+K73*L73+M73*N73+O73*P73+Q73*R73 -> 0
C74: ='Semana 4'!C74 | D74: ='Semana 4'!D74 | F74: ='Semana 4'!F74 | G74: ='Semana 4'!G74 | H74: ='Semana 4'!H74 | I74: ='Semana 4'!I74 | J74: ='Semana 4'!J74 | K74: ='Semana 4'!K74 | L74: ='Semana 4'!L74 | M74: ='Semana 4'!M74 | ... R74: ='Semana 4'!R74 | S74: =I74*J74+K74*L74+M74*N74+O74*P74+Q74*R74 -> 0
B75: Duración de la sesión | D75: DOMS | F75: GRUPO MUSCULAR | M75: PESAJE DEL DÍA | Q75: ESFUERZO GRAL.
M78: PESO PROMEDIO SEMANA | P78: =IFERROR(AVERAGE(O15,O27,O39,O51,O63,O75),"0,0 KG") -> 0,0 KG

Sheet Semana 6
C2: Entrenador/a | D2: ='Semana 1'!D2 -> Tu nombre y apellido | F2: Fecha de hoy | I2: =TODAY() -> 46305 | P2: Semanas trascurridas
C3: Nombre del alumno | D3: ='Semana 1'!D3 -> El nombre y apellido del alumno | F3: Fecha de inicio | I3: ='Semana 1'!I3 -> 45901 | P3: ='Semana 1'!P3 -> 57
B5: ='Semana 5'!B5 -> DÍA 1: ESTRUCTURA | F5: Series | G5: RIR/RPE | H5: Descanso | I5: Serie 1 | K5: Serie 2 | M5: Serie 3 | O5: Serie 4 | Q5: Serie 5 | S5: Tonelaje
B6: Notas del alumno | C6: Categoría de ejercicio | D6: Ejercicios | E6: Feedback Técnico | I6: Reps | J6: Kg | K6: Reps | L6: Kg | M6: Reps | N6: Kg | O6: Reps | P6: Kg | Q6: Reps | R6: Kg
C7: ='Semana 5'!C7 | D7: ='Semana 5'!D7 | F7: ='Semana 5'!F7 | G7: ='Semana 5'!G7 | H7: ='Semana 5'!H7 | I7: ='Semana 5'!I7 | J7: ='Semana 5'!J7 | K7: ='Semana 5'!K7 | L7: ='Semana 5'!L7 | M7: ='Semana 5'!M7 | ... R7: ='Semana 5'!R7 | S7: =I7*J7+K7*L7+M7*N7+O7*P7+Q7*R7 -> 0
C8: ='Semana 5'!C8 | D8: ='Semana 5'!D8 | F8: ='Semana 5'!F8 | G8: ='Semana 5'!G8 | H8: ='Semana 5'!H8 | I8: ='Semana 5'!I8 | J8: ='Semana 5'!J8 | K8: ='Semana 5'!K8 | L8: ='Semana 5'!L8 | M8: ='Semana 5'!M8 | ... R8: ='Semana 5'!R8 | S8: =I8*J8+K8*L8+M8*N8+O8*P8+Q8*R8 -> 0
C9: ='Semana 5'!C9 | D9: ='Semana 5'!D9 | F9: ='Semana 5'!F9 | G9: ='Semana 5'!G9 | H9: ='Semana 5'!H9 | I9: ='Semana 5'!I9 | J9: ='Semana 5'!J9 | K9: ='Semana 5'!K9 | L9: ='Semana 5'!L9 | M9: ='Semana 5'!M9 | ... R9: ='Semana 5'!R9 | S9: =I9*J9+K9*L9+M9*N9+O9*P9+Q9*R9 -> 0
C10: ='Semana 5'!C10 | D10: ='Semana 5'!D10 | F10: ='Semana 5'!F10 | G10: ='Semana 5'!G10 | H10: ='Semana 5'!H10 | I10: ='Semana 5'!I10 | J10: ='Semana 5'!J10 | K10: ='Semana 5'!K10 | L10: ='Semana 5'!L10 | M10: ='Semana 5'!M10 | ... R10: ='Semana 5'!R10 | S10: =I10*J10+K10*L10+M10*N10+O10*P10+Q10*R10 -> 0
C11: ='Semana 5'!C11 | D11: ='Semana 5'!D11 | F11: ='Semana 5'!F11 | G11: ='Semana 5'!G11 | H11: ='Semana 5'!H11 | I11: ='Semana 5'!I11 | J11: ='Semana 5'!J11 | K11: ='Semana 5'!K11 | L11: ='Semana 5'!L11 | M11: ='Semana 5'!M11 | ... R11: ='Semana 5'!R11 | S11: =I11*J11+K11*L11+M11*N11+O11*P11+Q11*R11 -> 0
C12: ='Semana 5'!C12 | D12: ='Semana 5'!D12 | F12: ='Semana 5'!F12 | G12: ='Semana 5'!G12 | H12: ='Semana 5'!H12 | I12: ='Semana 5'!I12 | J12: ='Semana 5'!J12 | K12: ='Semana 5'!K12 | L12: ='Semana 5'!L12 | M12: ='Semana 5'!M12 | ... R12: ='Semana 5'!R12 | S12: =I12*J12+K12*L12+M12*N12+O12*P12+Q12*R12 -> 0
C13: ='Semana 5'!C13 | D13: ='Semana 5'!D13 | F13: ='Semana 5'!F13 | G13: ='Semana 5'!G13 | H13: ='Semana 5'!H13 | I13: ='Semana 5'!I13 | J13: ='Semana 5'!J13 | K13: ='Semana 5'!K13 | L13: ='Semana 5'!L13 | M13: ='Semana 5'!M13 | ... R13: ='Semana 5'!R13 | S13: =I13*J13+K13*L13+M13*N13+O13*P13+Q13*R13 -> 0
C14: ='Semana 5'!C14 | D14: ='Semana 5'!D14 | F14: ='Semana 5'!F14 | G14: ='Semana 5'!G14 | H14: ='Semana 5'!H14 | I14: ='Semana 5'!I14 | J14: ='Semana 5'!J14 | K14: ='Semana 5'!K14 | L14: ='Semana 5'!L14 | M14: ='Semana 5'!M14 | ... R14: ='Semana 5'!R14 | S14: =I14*J14+K14*L14+M14*N14+O14*P14+Q14*R14 -> 0
B15: Duración de la sesión | D15: DOMS | F15: GRUPO MUSCULAR | M15: PESAJE DEL DÍA | Q15: ESFUERZO GRAL.
B17: ='Semana 5'!B17 -> DÍA 2: ESTRUCTURA | F17: Series | G17: RIR/RPE | H17: Descanso | I17: Serie 1 | K17: Serie 2 | M17: Serie 3 | O17: Serie 4 | Q17: Serie 5 | S17: Tonelaje
B18: Notas del alumno | C18: Categoría de ejercicio | D18: Ejercicios | E18: Feedback Técnico | I18: Reps | J18: Kg | K18: Reps | L18: Kg | M18: Reps | N18: Kg | O18: Reps | P18: Kg | Q18: Reps | R18: Kg
C19: ='Semana 5'!C19 | D19: ='Semana 5'!D19 | F19: ='Semana 5'!F19 | G19: ='Semana 5'!G19 | H19: ='Semana 5'!H19 | I19: ='Semana 5'!I19 | J19: ='Semana 5'!J19 | K19: ='Semana 5'!K19 | L19: ='Semana 5'!L19 | M19: ='Semana 5'!M19 | ... R19: ='Semana 5'!R19 | S19: =I19*J19+K19*L19+M19*N19+O19*P19+Q19*R19 -> 0
C20: ='Semana 5'!C20 | D20: ='Semana 5'!D20 | F20: ='Semana 5'!F20 | G20: ='Semana 5'!G20 | H20: ='Semana 5'!H20 | I20: ='Semana 5'!I20 | J20: ='Semana 5'!J20 | K20: ='Semana 5'!K20 | L20: ='Semana 5'!L20 | M20: ='Semana 5'!M20 | ... R20: ='Semana 5'!R20 | S20: =I20*J20+K20*L20+M20*N20+O20*P20+Q20*R20 -> 0
C21: ='Semana 5'!C21 | D21: ='Semana 5'!D21 | F21: ='Semana 5'!F21 | G21: ='Semana 5'!G21 | H21: ='Semana 5'!H21 | I21: ='Semana 5'!I21 | J21: ='Semana 5'!J21 | K21: ='Semana 5'!K21 | L21: ='Semana 5'!L21 | M21: ='Semana 5'!M21 | ... R21: ='Semana 5'!R21 | S21: =I21*J21+K21*L21+M21*N21+O21*P21+Q21*R21 -> 0
C22: ='Semana 5'!C22 | D22: ='Semana 5'!D22 | F22: ='Semana 5'!F22 | G22: ='Semana 5'!G22 | H22: ='Semana 5'!H22 | I22: ='Semana 5'!I22 | J22: ='Semana 5'!J22 | K22: ='Semana 5'!K22 | L22: ='Semana 5'!L22 | M22: ='Semana 5'!M22 | ... R22: ='Semana 5'!R22 | S22: =I22*J22+K22*L22+M22*N22+O22*P22+Q22*R22 -> 0
C23: ='Semana 5'!C23 | D23: ='Semana 5'!D23 | F23: ='Semana 5'!F23 | G23: ='Semana 5'!G23 | H23: ='Semana 5'!H23 | I23: ='Semana 5'!I23 | J23: ='Semana 5'!J23 | K23: ='Semana 5'!K23 | L23: ='Semana 5'!L23 | M23: ='Semana 5'!M23 | ... R23: ='Semana 5'!R23 | S23: =I23*J23+K23*L23+M23*N23+O23*P23+Q23*R23 -> 0
C24: ='Semana 5'!C24 | D24: ='Semana 5'!D24 | F24: ='Semana 5'!F24 | G24: ='Semana 5'!G24 | H24: ='Semana 5'!H24 | I24: ='Semana 5'!I24 | J24: ='Semana 5'!J24 | K24: ='Semana 5'!K24 | L24: ='Semana 5'!L24 | M24: ='Semana 5'!M24 | ... R24: ='Semana 5'!R24 | S24: =I24*J24+K24*L24+M24*N24+O24*P24+Q24*R24 -> 0
C25: ='Semana 5'!C25 | D25: ='Semana 5'!D25 | F25: ='Semana 5'!F25 | G25: ='Semana 5'!G25 | H25: ='Semana 5'!H25 | I25: ='Semana 5'!I25 | J25: ='Semana 5'!J25 | K25: ='Semana 5'!K25 | L25: ='Semana 5'!L25 | M25: ='Semana 5'!M25 | ... R25: ='Semana 5'!R25 | S25: =I25*J25+K25*L25+M25*N25+O25*P25+Q25*R25 -> 0
C26: ='Semana 5'!C26 | D26: ='Semana 5'!D26 | F26: ='Semana 5'!F26 | G26: ='Semana 5'!G26 | H26: ='Semana 5'!H26 | I26: ='Semana 5'!I26 | J26: ='Semana 5'!J26 | K26: ='Semana 5'!K26 | L26: ='Semana 5'!L26 | M26: ='Semana 5'!M26 | ... R26: ='Semana 5'!R26 | S26: =I26*J26+K26*L26+M26*N26+O26*P26+Q26*R26 -> 0
B27: Duración de la sesión | D27: DOMS | F27: GRUPO MUSCULAR | M27: PESAJE DEL DÍA | Q27: ESFUERZO GRAL.
B29: ='Semana 5'!B29 -> DÍA 3: ESTRUCTURA | F29: Series | G29: RIR/RPE | H29: Descanso | I29: Serie 1 | K29: Serie 2 | M29: Serie 3 | O29: Serie 4 | Q29: Serie 5 | S29: Tonelaje
B30: Notas del alumno | C30: Categoría de ejercicio | D30: Ejercicios | E30: Feedback Técnico | I30: Reps | J30: Kg | K30: Reps | L30: Kg | M30: Reps | N30: Kg | O30: Reps | P30: Kg | Q30: Reps | R30: Kg
C31: ='Semana 5'!C31 | D31: ='Semana 5'!D31 | F31: ='Semana 5'!F31 | G31: ='Semana 5'!G31 | H31: ='Semana 5'!H31 | I31: ='Semana 5'!I31 | J31: ='Semana 5'!J31 | K31: ='Semana 5'!K31 | L31: ='Semana 5'!L31 | M31: ='Semana 5'!M31 | ... R31: ='Semana 5'!R31 | S31: =I31*J31+K31*L31+M31*N31+O31*P31+Q31*R31 -> 0
C32: ='Semana 5'!C32 | D32: ='Semana 5'!D32 | F32: ='Semana 5'!F32 | G32: ='Semana 5'!G32 | H32: ='Semana 5'!H32 | I32: ='Semana 5'!I32 | J32: ='Semana 5'!J32 | K32: ='Semana 5'!K32 | L32: ='Semana 5'!L32 | M32: ='Semana 5'!M32 | ... R32: ='Semana 5'!R32 | S32: =I32*J32+K32*L32+M32*N32+O32*P32+Q32*R32 -> 0
C33: ='Semana 5'!C33 | D33: ='Semana 5'!D33 | F33: ='Semana 5'!F33 | G33: ='Semana 5'!G33 | H33: ='Semana 5'!H33 | I33: ='Semana 5'!I33 | J33: ='Semana 5'!J33 | K33: ='Semana 5'!K33 | L33: ='Semana 5'!L33 | M33: ='Semana 5'!M33 | ... R33: ='Semana 5'!R33 | S33: =I33*J33+K33*L33+M33*N33+O33*P33+Q33*R33 -> 0
C34: ='Semana 5'!C34 | D34: ='Semana 5'!D34 | F34: ='Semana 5'!F34 | G34: ='Semana 5'!G34 | H34: ='Semana 5'!H34 | I34: ='Semana 5'!I34 | J34: ='Semana 5'!J34 | K34: ='Semana 5'!K34 | L34: ='Semana 5'!L34 | M34: ='Semana 5'!M34 | ... R34: ='Semana 5'!R34 | S34: =I34*J34+K34*L34+M34*N34+O34*P34+Q34*R34 -> 0
C35: ='Semana 5'!C35 | D35: ='Semana 5'!D35 | F35: ='Semana 5'!F35 | G35: ='Semana 5'!G35 | H35: ='Semana 5'!H35 | I35: ='Semana 5'!I35 | J35: ='Semana 5'!J35 | K35: ='Semana 5'!K35 | L35: ='Semana 5'!L35 | M35: ='Semana 5'!M35 | ... R35: ='Semana 5'!R35 | S35: =I35*J35+K35*L35+M35*N35+O35*P35+Q35*R35 -> 0
C36: ='Semana 5'!C36 | D36: ='Semana 5'!D36 | F36: ='Semana 5'!F36 | G36: ='Semana 5'!G36 | H36: ='Semana 5'!H36 | I36: ='Semana 5'!I36 | J36: ='Semana 5'!J36 | K36: ='Semana 5'!K36 | L36: ='Semana 5'!L36 | M36: ='Semana 5'!M36 | ... R36: ='Semana 5'!R36 | S36: =I36*J36+K36*L36+M36*N36+O36*P36+Q36*R36 -> 0
C37: ='Semana 5'!C37 | D37: ='Semana 5'!D37 | F37: ='Semana 5'!F37 | G37: ='Semana 5'!G37 | H37: ='Semana 5'!H37 | I37: ='Semana 5'!I37 | J37: ='Semana 5'!J37 | K37: ='Semana 5'!K37 | L37: ='Semana 5'!L37 | M37: ='Semana 5'!M37 | ... R37: ='Semana 5'!R37 | S37: =I37*J37+K37*L37+M37*N37+O37*P37+Q37*R37 -> 0
C38: ='Semana 5'!C38 | D38: ='Semana 5'!D38 | F38: ='Semana 5'!F38 | G38: ='Semana 5'!G38 | H38: ='Semana 5'!H38 | I38: ='Semana 5'!I38 | J38: ='Semana 5'!J38 | K38: ='Semana 5'!K38 | L38: ='Semana 5'!L38 | M38: ='Semana 5'!M38 | ... R38: ='Semana 5'!R38 | S38: =I38*J38+K38*L38+M38*N38+O38*P38+Q38*R38 -> 0
B39: Duración de la sesión | D39: DOMS | F39: GRUPO MUSCULAR | M39: PESAJE DEL DÍA | Q39: ESFUERZO GRAL.
B41: ='Semana 5'!B41 -> DÍA 4: ESTRUCTURA | F41: Series | G41: RIR/RPE | H41: Descanso | I41: Serie 1 | K41: Serie 2 | M41: Serie 3 | O41: Serie 4 | Q41: Serie 5 | S41: Tonelaje
B42: Notas del alumno | C42: Categoría de ejercicio | D42: Ejercicios | E42: Feedback Técnico | I42: Reps | J42: Kg | K42: Reps | L42: Kg | M42: Reps | N42: Kg | O42: Reps | P42: Kg | Q42: Reps | R42: Kg
C43: ='Semana 5'!C43 | D43: ='Semana 5'!D43 | F43: ='Semana 5'!F43 | G43: ='Semana 5'!G43 | H43: ='Semana 5'!H43 | I43: ='Semana 5'!I43 | J43: ='Semana 5'!J43 | K43: ='Semana 5'!K43 | L43: ='Semana 5'!L43 | M43: ='Semana 5'!M43 | ... R43: ='Semana 5'!R43 | S43: =I43*J43+K43*L43+M43*N43+O43*P43+Q43*R43 -> 0
C44: ='Semana 5'!C44 | D44: ='Semana 5'!D44 | F44: ='Semana 5'!F44 | G44: ='Semana 5'!G44 | H44: ='Semana 5'!H44 | I44: ='Semana 5'!I44 | J44: ='Semana 5'!J44 | K44: ='Semana 5'!K44 | L44: ='Semana 5'!L44 | M44: ='Semana 5'!M44 | ... R44: ='Semana 5'!R44 | S44: =I44*J44+K44*L44+M44*N44+O44*P44+Q44*R44 -> 0
C45: ='Semana 5'!C45 | D45: ='Semana 5'!D45 | F45: ='Semana 5'!F45 | G45: ='Semana 5'!G45 | H45: ='Semana 5'!H45 | I45: ='Semana 5'!I45 | J45: ='Semana 5'!J45 | K45: ='Semana 5'!K45 | L45: ='Semana 5'!L45 | M45: ='Semana 5'!M45 | ... R45: ='Semana 5'!R45 | S45: =I45*J45+K45*L45+M45*N45+O45*P45+Q45*R45 -> 0
C46: ='Semana 5'!C46 | D46: ='Semana 5'!D46 | F46: ='Semana 5'!F46 | G46: ='Semana 5'!G46 | H46: ='Semana 5'!H46 | I46: ='Semana 5'!I46 | J46: ='Semana 5'!J46 | K46: ='Semana 5'!K46 | L46: ='Semana 5'!L46 | M46: ='Semana 5'!M46 | ... R46: ='Semana 5'!R46 | S46: =I46*J46+K46*L46+M46*N46+O46*P46+Q46*R46 -> 0
C47: ='Semana 5'!C47 | D47: ='Semana 5'!D47 | F47: ='Semana 5'!F47 | G47: ='Semana 5'!G47 | H47: ='Semana 5'!H47 | I47: ='Semana 5'!I47 | J47: ='Semana 5'!J47 | K47: ='Semana 5'!K47 | L47: ='Semana 5'!L47 | M47: ='Semana 5'!M47 | ... R47: ='Semana 5'!R47 | S47: =I47*J47+K47*L47+M47*N47+O47*P47+Q47*R47 -> 0
C48: ='Semana 5'!C48 | D48: ='Semana 5'!D48 | F48: ='Semana 5'!F48 | G48: ='Semana 5'!G48 | H48: ='Semana 5'!H48 | I48: ='Semana 5'!I48 | J48: ='Semana 5'!J48 | K48: ='Semana 5'!K48 | L48: ='Semana 5'!L48 | M48: ='Semana 5'!M48 | ... R48: ='Semana 5'!R48 | S48: =I48*J48+K48*L48+M48*N48+O48*P48+Q48*R48 -> 0
C49: ='Semana 5'!C49 | D49: ='Semana 5'!D49 | F49: ='Semana 5'!F49 | G49: ='Semana 5'!G49 | H49: ='Semana 5'!H49 | I49: ='Semana 5'!I49 | J49: ='Semana 5'!J49 | K49: ='Semana 5'!K49 | L49: ='Semana 5'!L49 | M49: ='Semana 5'!M49 | ... R49: ='Semana 5'!R49 | S49: =I49*J49+K49*L49+M49*N49+O49*P49+Q49*R49 -> 0
C50: ='Semana 5'!C50 | D50: ='Semana 5'!D50 | F50: ='Semana 5'!F50 | G50: ='Semana 5'!G50 | H50: ='Semana 5'!H50 | I50: ='Semana 5'!I50 | J50: ='Semana 5'!J50 | K50: ='Semana 5'!K50 | L50: ='Semana 5'!L50 | M50: ='Semana 5'!M50 | ... R50: ='Semana 5'!R50 | S50: =I50*J50+K50*L50+M50*N50+O50*P50+Q50*R50 -> 0
B51: Duración de la sesión | D51: DOMS | F51: GRUPO MUSCULAR | M51: PESAJE DEL DÍA | Q51: ESFUERZO GRAL.
B53: ='Semana 5'!B53 -> DÍA 5: ESTRUCTURA | F53: Series | G53: RIR/RPE | H53: Descanso | I53: Serie 1 | K53: Serie 2 | M53: Serie 3 | O53: Serie 4 | Q53: Serie 5 | S53: Tonelaje
B54: Notas del alumno | C54: Categoría de ejercicio | D54: Ejercicios | E54: Feedback Técnico | I54: Reps | J54: Kg | K54: Reps | L54: Kg | M54: Reps | N54: Kg | O54: Reps | P54: Kg | Q54: Reps | R54: Kg
C55: ='Semana 5'!C55 | D55: ='Semana 5'!D55 | F55: ='Semana 5'!F55 | G55: ='Semana 5'!G55 | H55: ='Semana 5'!H55 | I55: ='Semana 5'!I55 | J55: ='Semana 5'!J55 | K55: ='Semana 5'!K55 | L55: ='Semana 5'!L55 | M55: ='Semana 5'!M55 | ... R55: ='Semana 5'!R55 | S55: =I55*J55+K55*L55+M55*N55+O55*P55+Q55*R55 -> 0
C56: ='Semana 5'!C56 | D56: ='Semana 5'!D56 | F56: ='Semana 5'!F56 | G56: ='Semana 5'!G56 | H56: ='Semana 5'!H56 | I56: ='Semana 5'!I56 | J56: ='Semana 5'!J56 | K56: ='Semana 5'!K56 | L56: ='Semana 5'!L56 | M56: ='Semana 5'!M56 | ... R56: ='Semana 5'!R56 | S56: =I56*J56+K56*L56+M56*N56+O56*P56+Q56*R56 -> 0
C57: ='Semana 5'!C57 | D57: ='Semana 5'!D57 | F57: ='Semana 5'!F57 | G57: ='Semana 5'!G57 | H57: ='Semana 5'!H57 | I57: ='Semana 5'!I57 | J57: ='Semana 5'!J57 | K57: ='Semana 5'!K57 | L57: ='Semana 5'!L57 | M57: ='Semana 5'!M57 | ... R57: ='Semana 5'!R57 | S57: =I57*J57+K57*L57+M57*N57+O57*P57+Q57*R57 -> 0
C58: ='Semana 5'!C58 | D58: ='Semana 5'!D58 | F58: ='Semana 5'!F58 | G58: ='Semana 5'!G58 | H58: ='Semana 5'!H58 | I58: ='Semana 5'!I58 | J58: ='Semana 5'!J58 | K58: ='Semana 5'!K58 | L58: ='Semana 5'!L58 | M58: ='Semana 5'!M58 | ... R58: ='Semana 5'!R58 | S58: =I58*J58+K58*L58+M58*N58+O58*P58+Q58*R58 -> 0
C59: ='Semana 5'!C59 | D59: ='Semana 5'!D59 | F59: ='Semana 5'!F59 | G59: ='Semana 5'!G59 | H59: ='Semana 5'!H59 | I59: ='Semana 5'!I59 | J59: ='Semana 5'!J59 | K59: ='Semana 5'!K59 | L59: ='Semana 5'!L59 | M59: ='Semana 5'!M59 | ... R59: ='Semana 5'!R59 | S59: =I59*J59+K59*L59+M59*N59+O59*P59+Q59*R59 -> 0
C60: ='Semana 5'!C60 | D60: ='Semana 5'!D60 | F60: ='Semana 5'!F60 | G60: ='Semana 5'!G60 | H60: ='Semana 5'!H60 | I60: ='Semana 5'!I60 | J60: ='Semana 5'!J60 | K60: ='Semana 5'!K60 | L60: ='Semana 5'!L60 | M60: ='Semana 5'!M60 | ... R60: ='Semana 5'!R60 | S60: =I60*J60+K60*L60+M60*N60+O60*P60+Q60*R60 -> 0
C61: ='Semana 5'!C61 | D61: ='Semana 5'!D61 | F61: ='Semana 5'!F61 | G61: ='Semana 5'!G61 | H61: ='Semana 5'!H61 | I61: ='Semana 5'!I61 | J61: ='Semana 5'!J61 | K61: ='Semana 5'!K61 | L61: ='Semana 5'!L61 | M61: ='Semana 5'!M61 | ... R61: ='Semana 5'!R61 | S61: =I61*J61+K61*L61+M61*N61+O61*P61+Q61*R61 -> 0
C62: ='Semana 5'!C62 | D62: ='Semana 5'!D62 | F62: ='Semana 5'!F62 | G62: ='Semana 5'!G62 | H62: ='Semana 5'!H62 | I62: ='Semana 5'!I62 | J62: ='Semana 5'!J62 | K62: ='Semana 5'!K62 | L62: ='Semana 5'!L62 | M62: ='Semana 5'!M62 | ... R62: ='Semana 5'!R62 | S62: =I62*J62+K62*L62+M62*N62+O62*P62+Q62*R62 -> 0
B63: Duración de la sesión | D63: DOMS | F63: GRUPO MUSCULAR | M63: PESAJE DEL DÍA | Q63: ESFUERZO GRAL.
B65: ='Semana 5'!B65 -> DÍA 6: ESTRUCTURA | F65: Series | G65: RIR/RPE | H65: Descanso | I65: Serie 1 | K65: Serie 2 | M65: Serie 3 | O65: Serie 4 | Q65: Serie 5 | S65: Tonelaje
B66: Notas del alumno | C66: Categoría de ejercicio | D66: Ejercicios | E66: Feedback Técnico | I66: Reps | J66: Kg | K66: Reps | L66: Kg | M66: Reps | N66: Kg | O66: Reps | P66: Kg | Q66: Reps | R66: Kg
C67: ='Semana 5'!C67 | D67: ='Semana 5'!D67 | F67: ='Semana 5'!F67 | G67: ='Semana 5'!G67 | H67: ='Semana 5'!H67 | I67: ='Semana 5'!I67 | J67: ='Semana 5'!J67 | K67: ='Semana 5'!K67 | L67: ='Semana 5'!L67 | M67: ='Semana 5'!M67 | ... R67: ='Semana 5'!R67 | S67: =I67*J67+K67*L67+M67*N67+O67*P67+Q67*R67 -> 0
C68: ='Semana 5'!C68 | D68: ='Semana 5'!D68 | F68: ='Semana 5'!F68 | G68: ='Semana 5'!G68 | H68: ='Semana 5'!H68 | I68: ='Semana 5'!I68 | J68: ='Semana 5'!J68 | K68: ='Semana 5'!K68 | L68: ='Semana 5'!L68 | M68: ='Semana 5'!M68 | ... R68: ='Semana 5'!R68 | S68: =I68*J68+K68*L68+M68*N68+O68*P68+Q68*R68 -> 0
C69: ='Semana 5'!C69 | D69: ='Semana 5'!D69 | F69: ='Semana 5'!F69 | G69: ='Semana 5'!G69 | H69: ='Semana 5'!H69 | I69: ='Semana 5'!I69 | J69: ='Semana 5'!J69 | K69: ='Semana 5'!K69 | L69: ='Semana 5'!L69 | M69: ='Semana 5'!M69 | ... R69: ='Semana 5'!R69 | S69: =I69*J69+K69*L69+M69*N69+O69*P69+Q69*R69 -> 0
C70: ='Semana 5'!C70 | D70: ='Semana 5'!D70 | F70: ='Semana 5'!F70 | G70: ='Semana 5'!G70 | H70: ='Semana 5'!H70 | I70: ='Semana 5'!I70 | J70: ='Semana 5'!J70 | K70: ='Semana 5'!K70 | L70: ='Semana 5'!L70 | M70: ='Semana 5'!M70 | ... R70: ='Semana 5'!R70 | S70: =I70*J70+K70*L70+M70*N70+O70*P70+Q70*R70 -> 0
C71: ='Semana 5'!C71 | D71: ='Semana 5'!D71 | F71: ='Semana 5'!F71 | G71: ='Semana 5'!G71 | H71: ='Semana 5'!H71 | I71: ='Semana 5'!I71 | J71: ='Semana 5'!J71 | K71: ='Semana 5'!K71 | L71: ='Semana 5'!L71 | M71: ='Semana 5'!M71 | ... R71: ='Semana 5'!R71 | S71: =I71*J71+K71*L71+M71*N71+O71*P71+Q71*R71 -> 0
C72: ='Semana 5'!C72 | D72: ='Semana 5'!D72 | F72: ='Semana 5'!F72 | G72: ='Semana 5'!G72 | H72: ='Semana 5'!H72 | I72: ='Semana 5'!I72 | J72: ='Semana 5'!J72 | K72: ='Semana 5'!K72 | L72: ='Semana 5'!L72 | M72: ='Semana 5'!M72 | ... R72: ='Semana 5'!R72 | S72: =I72*J72+K72*L72+M72*N72+O72*P72+Q72*R72 -> 0
C73: ='Semana 5'!C73 | D73: ='Semana 5'!D73 | F73: ='Semana 5'!F73 | G73: ='Semana 5'!G73 | H73: ='Semana 5'!H73 | I73: ='Semana 5'!I73 | J73: ='Semana 5'!J73 | K73: ='Semana 5'!K73 | L73: ='Semana 5'!L73 | M73: ='Semana 5'!M73 | ... R73: ='Semana 5'!R73 | S73: =I73*J73+K73*L73+M73*N73+O73*P73+Q73*R73 -> 0
C74: ='Semana 5'!C74 | D74: ='Semana 5'!D74 | F74: ='Semana 5'!F74 | G74: ='Semana 5'!G74 | H74: ='Semana 5'!H74 | I74: ='Semana 5'!I74 | J74: ='Semana 5'!J74 | K74: ='Semana 5'!K74 | L74: ='Semana 5'!L74 | M74: ='Semana 5'!M74 | ... R74: ='Semana 5'!R74 | S74: =I74*J74+K74*L74+M74*N74+O74*P74+Q74*R74 -> 0
B75: Duración de la sesión | D75: DOMS | F75: GRUPO MUSCULAR | M75: PESAJE DEL DÍA | Q75: ESFUERZO GRAL.
M78: PESO PROMEDIO SEMANA | P78: =IFERROR(AVERAGE(O15,O27,O39,O51,O63,O75),"0,0 KG") -> 0,0 KG

Sheet Semana 7
C2: Entrenador/a | D2: ='Semana 1'!D2 -> Tu nombre y apellido | F2: Fecha de hoy | I2: =TODAY() -> 46305 | P2: Semanas trascurridas
C3: Nombre del alumno | D3: ='Semana 1'!D3 -> El nombre y apellido del alumno | F3: Fecha de inicio | I3: ='Semana 1'!I3 -> 45901 | P3: ='Semana 1'!P3 -> 57
B5: ='Semana 6'!B5 -> DÍA 1: ESTRUCTURA | F5: Series | G5: RIR/RPE | H5: Descanso | I5: Serie 1 | K5: Serie 2 | M5: Serie 3 | O5: Serie 4 | Q5: Serie 5 | S5: Tonelaje
B6: Notas del alumno | C6: Categoría de ejercicio | D6: Ejercicios | E6: Feedback Técnico | I6: Reps | J6: Kg | K6: Reps | L6: Kg | M6: Reps | N6: Kg | O6: Reps | P6: Kg | Q6: Reps | R6: Kg
C7: ='Semana 6'!C7 | D7: ='Semana 6'!D7 | F7: ='Semana 6'!F7 | G7: ='Semana 6'!G7 | H7: ='Semana 6'!H7 | I7: ='Semana 6'!I7 | J7: ='Semana 6'!J7 | K7: ='Semana 6'!K7 | L7: ='Semana 6'!L7 | M7: ='Semana 6'!M7 | ... R7: ='Semana 6'!R7 | S7: =I7*J7+K7*L7+M7*N7+O7*P7+Q7*R7 -> 0
C8: ='Semana 6'!C8 | D8: ='Semana 6'!D8 | F8: ='Semana 6'!F8 | G8: ='Semana 6'!G8 | H8: ='Semana 6'!H8 | I8: ='Semana 6'!I8 | J8: ='Semana 6'!J8 | K8: ='Semana 6'!K8 | L8: ='Semana 6'!L8 | M8: ='Semana 6'!M8 | ... R8: ='Semana 6'!R8 | S8: =I8*J8+K8*L8+M8*N8+O8*P8+Q8*R8 -> 0
C9: ='Semana 6'!C9 | D9: ='Semana 6'!D9 | F9: ='Semana 6'!F9 | G9: ='Semana 6'!G9 | H9: ='Semana 6'!H9 | I9: ='Semana 6'!I9 | J9: ='Semana 6'!J9 | K9: ='Semana 6'!K9 | L9: ='Semana 6'!L9 | M9: ='Semana 6'!M9 | ... R9: ='Semana 6'!R9 | S9: =I9*J9+K9*L9+M9*N9+O9*P9+Q9*R9 -> 0
C10: ='Semana 6'!C10 | D10: ='Semana 6'!D10 | F10: ='Semana 6'!F10 | G10: ='Semana 6'!G10 | H10: ='Semana 6'!H10 | I10: ='Semana 6'!I10 | J10: ='Semana 6'!J10 | K10: ='Semana 6'!K10 | L10: ='Semana 6'!L10 | M10: ='Semana 6'!M10 | ... R10: ='Semana 6'!R10 | S10: =I10*J10+K10*L10+M10*N10+O10*P10+Q10*R10 -> 0
C11: ='Semana 6'!C11 | D11: ='Semana 6'!D11 | F11: ='Semana 6'!F11 | G11: ='Semana 6'!G11 | H11: ='Semana 6'!H11 | I11: ='Semana 6'!I11 | J11: ='Semana 6'!J11 | K11: ='Semana 6'!K11 | L11: ='Semana 6'!L11 | M11: ='Semana 6'!M11 | ... R11: ='Semana 6'!R11 | S11: =I11*J11+K11*L11+M11*N11+O11*P11+Q11*R11 -> 0
C12: ='Semana 6'!C12 | D12: ='Semana 6'!D12 | F12: ='Semana 6'!F12 | G12: ='Semana 6'!G12 | H12: ='Semana 6'!H12 | I12: ='Semana 6'!I12 | J12: ='Semana 6'!J12 | K12: ='Semana 6'!K12 | L12: ='Semana 6'!L12 | M12: ='Semana 6'!M12 | ... R12: ='Semana 6'!R12 | S12: =I12*J12+K12*L12+M12*N12+O12*P12+Q12*R12 -> 0
C13: ='Semana 6'!C13 | D13: ='Semana 6'!D13 | F13: ='Semana 6'!F13 | G13: ='Semana 6'!G13 | H13: ='Semana 6'!H13 | I13: ='Semana 6'!I13 | J13: ='Semana 6'!J13 | K13: ='Semana 6'!K13 | L13: ='Semana 6'!L13 | M13: ='Semana 6'!M13 | ... R13: ='Semana 6'!R13 | S13: =I13*J13+K13*L13+M13*N13+O13*P13+Q13*R13 -> 0
C14: ='Semana 6'!C14 | D14: ='Semana 6'!D14 | F14: ='Semana 6'!F14 | G14: ='Semana 6'!G14 | H14: ='Semana 6'!H14 | I14: ='Semana 6'!I14 | J14: ='Semana 6'!J14 | K14: ='Semana 6'!K14 | L14: ='Semana 6'!L14 | M14: ='Semana 6'!M14 | ... R14: ='Semana 6'!R14 | S14: =I14*J14+K14*L14+M14*N14+O14*P14+Q14*R14 -> 0
B15: Duración de la sesión | D15: DOMS | F15: GRUPO MUSCULAR | M15: PESAJE DEL DÍA | Q15: ESFUERZO GRAL.
B17: ='Semana 6'!B17 -> DÍA 2: ESTRUCTURA | F17: Series | G17: RIR/RPE | H17: Descanso | I17: Serie 1 | K17: Serie 2 | M17: Serie 3 | O17: Serie 4 | Q17: Serie 5 | S17: Tonelaje
B18: Notas del alumno | C18: Categoría de ejercicio | D18: Ejercicios | E18: Feedback Técnico | I18: Reps | J18: Kg | K18: Reps | L18: Kg | M18: Reps | N18: Kg | O18: Reps | P18: Kg | Q18: Reps | R18: Kg
C19: ='Semana 6'!C19 | D19: ='Semana 6'!D19 | F19: ='Semana 6'!F19 | G19: ='Semana 6'!G19 | H19: ='Semana 6'!H19 | I19: ='Semana 6'!I19 | J19: ='Semana 6'!J19 | K19: ='Semana 6'!K19 | L19: ='Semana 6'!L19 | M19: ='Semana 6'!M19 | ... R19: ='Semana 6'!R19 | S19: =I19*J19+K19*L19+M19*N19+O19*P19+Q19*R19 -> 0
C20: ='Semana 6'!C20 | D20: ='Semana 6'!D20 | F20: ='Semana 6'!F20 | G20: ='Semana 6'!G20 | H20: ='Semana 6'!H20 | I20: ='Semana 6'!I20 | J20: ='Semana 6'!J20 | K20: ='Semana 6'!K20 | L20: ='Semana 6'!L20 | M20: ='Semana 6'!M20 | ... R20: ='Semana 6'!R20 | S20: =I20*J20+K20*L20+M20*N20+O20*P20+Q20*R20 -> 0
C21: ='Semana 6'!C21 | D21: ='Semana 6'!D21 | F21: ='Semana 6'!F21 | G21: ='Semana 6'!G21 | H21: ='Semana 6'!H21 | I21: ='Semana 6'!I21 | J21: ='Semana 6'!J21 | K21: ='Semana 6'!K21 | L21: ='Semana 6'!L21 | M21: ='Semana 6'!M21 | ... R21: ='Semana 6'!R21 | S21: =I21*J21+K21*L21+M21*N21+O21*P21+Q21*R21 -> 0
C22: ='Semana 6'!C22 | D22: ='Semana 6'!D22 | F22: ='Semana 6'!F22 | G22: ='Semana 6'!G22 | H22: ='Semana 6'!H22 | I22: ='Semana 6'!I22 | J22: ='Semana 6'!J22 | K22: ='Semana 6'!K22 | L22: ='Semana 6'!L22 | M22: ='Semana 6'!M22 | ... R22: ='Semana 6'!R22 | S22: =I22*J22+K22*L22+M22*N22+O22*P22+Q22*R22 -> 0
C23: ='Semana 6'!C23 | D23: ='Semana 6'!D23 | F23: ='Semana 6'!F23 | G23: ='Semana 6'!G23 | H23: ='Semana 6'!H23 | I23: ='Semana 6'!I23 | J23: ='Semana 6'!J23 | K23: ='Semana 6'!K23 | L23: ='Semana 6'!L23 | M23: ='Semana 6'!M23 | ... R23: ='Semana 6'!R23 | S23: =I23*J23+K23*L23+M23*N23+O23*P23+Q23*R23 -> 0
C24: ='Semana 6'!C24 | D24: ='Semana 6'!D24 | F24: ='Semana 6'!F24 | G24: ='Semana 6'!G24 | H24: ='Semana 6'!H24 | I24: ='Semana 6'!I24 | J24: ='Semana 6'!J24 | K24: ='Semana 6'!K24 | L24: ='Semana 6'!L24 | M24: ='Semana 6'!M24 | ... R24: ='Semana 6'!R24 | S24: =I24*J24+K24*L24+M24*N24+O24*P24+Q24*R24 -> 0
C25: ='Semana 6'!C25 | D25: ='Semana 6'!D25 | F25: ='Semana 6'!F25 | G25: ='Semana 6'!G25 | H25: ='Semana 6'!H25 | I25: ='Semana 6'!I25 | J25: ='Semana 6'!J25 | K25: ='Semana 6'!K25 | L25: ='Semana 6'!L25 | M25: ='Semana 6'!M25 | ... R25: ='Semana 6'!R25 | S25: =I25*J25+K25*L25+M25*N25+O25*P25+Q25*R25 -> 0
C26: ='Semana 6'!C26 | D26: ='Semana 6'!D26 | F26: ='Semana 6'!F26 | G26: ='Semana 6'!G26 | H26: ='Semana 6'!H26 | I26: ='Semana 6'!I26 | J26: ='Semana 6'!J26 | K26: ='Semana 6'!K26 | L26: ='Semana 6'!L26 | M26: ='Semana 6'!M26 | ... R26: ='Semana 6'!R26 | S26: =I26*J26+K26*L26+M26*N26+O26*P26+Q26*R26 -> 0
B27: Duración de la sesión | D27: DOMS | F27: GRUPO MUSCULAR | M27: PESAJE DEL DÍA | Q27: ESFUERZO GRAL.
B29: ='Semana 6'!B29 -> DÍA 3: ESTRUCTURA | F29: Series | G29: RIR/RPE | H29: Descanso | I29: Serie 1 | K29: Serie 2 | M29: Serie 3 | O29: Serie 4 | Q29: Serie 5 | S29: Tonelaje
B30: Notas del alumno | C30: Categoría de ejercicio | D30: Ejercicios | E30: Feedback Técnico | I30: Reps | J30: Kg | K30: Reps | L30: Kg | M30: Reps | N30: Kg | O30: Reps | P30: Kg | Q30: Reps | R30: Kg
C31: ='Semana 6'!C31 | D31: ='Semana 6'!D31 | F31: ='Semana 6'!F31 | G31: ='Semana 6'!G31 | H31: ='Semana 6'!H31 | I31: ='Semana 6'!I31 | J31: ='Semana 6'!J31 | K31: ='Semana 6'!K31 | L31: ='Semana 6'!L31 | M31: ='Semana 6'!M31 | ... R31: ='Semana 6'!R31 | S31: =I31*J31+K31*L31+M31*N31+O31*P31+Q31*R31 -> 0
C32: ='Semana 6'!C32 | D32: ='Semana 6'!D32 | F32: ='Semana 6'!F32 | G32: ='Semana 6'!G32 | H32: ='Semana 6'!H32 | I32: ='Semana 6'!I32 | J32: ='Semana 6'!J32 | K32: ='Semana 6'!K32 | L32: ='Semana 6'!L32 | M32: ='Semana 6'!M32 | ... R32: ='Semana 6'!R32 | S32: =I32*J32+K32*L32+M32*N32+O32*P32+Q32*R32 -> 0
C33: ='Semana 6'!C33 | D33: ='Semana 6'!D33 | F33: ='Semana 6'!F33 | G33: ='Semana 6'!G33 | H33: ='Semana 6'!H33 | I33: ='Semana 6'!I33 | J33: ='Semana 6'!J33 | K33: ='Semana 6'!K33 | L33: ='Semana 6'!L33 | M33: ='Semana 6'!M33 | ... R33: ='Semana 6'!R33 | S33: =I33*J33+K33*L33+M33*N33+O33*P33+Q33*R33 -> 0
C34: ='Semana 6'!C34 | D34: ='Semana 6'!D34 | F34: ='Semana 6'!F34 | G34: ='Semana 6'!G34 | H34: ='Semana 6'!H34 | I34: ='Semana 6'!I34 | J34: ='Semana 6'!J34 | K34: ='Semana 6'!K34 | L34: ='Semana 6'!L34 | M34: ='Semana 6'!M34 | ... R34: ='Semana 6'!R34 | S34: =I34*J34+K34*L34+M34*N34+O34*P34+Q34*R34 -> 0
C35: ='Semana 6'!C35 | D35: ='Semana 6'!D35 | F35: ='Semana 6'!F35 | G35: ='Semana 6'!G35 | H35: ='Semana 6'!H35 | I35: ='Semana 6'!I35 | J35: ='Semana 6'!J35 | K35: ='Semana 6'!K35 | L35: ='Semana 6'!L35 | M35: ='Semana 6'!M35 | ... R35: ='Semana 6'!R35 | S35: =I35*J35+K35*L35+M35*N35+O35*P35+Q35*R35 -> 0
C36: ='Semana 6'!C36 | D36: ='Semana 6'!D36 | F36: ='Semana 6'!F36 | G36: ='Semana 6'!G36 | H36: ='Semana 6'!H36 | I36: ='Semana 6'!I36 | J36: ='Semana 6'!J36 | K36: ='Semana 6'!K36 | L36: ='Semana 6'!L36 | M36: ='Semana 6'!M36 | ... R36: ='Semana 6'!R36 | S36: =I36*J36+K36*L36+M36*N36+O36*P36+Q36*R36 -> 0
C37: ='Semana 6'!C37 | D37: ='Semana 6'!D37 | F37: ='Semana 6'!F37 | G37: ='Semana 6'!G37 | H37: ='Semana 6'!H37 | I37: ='Semana 6'!I37 | J37: ='Semana 6'!J37 | K37: ='Semana 6'!K37 | L37: ='Semana 6'!L37 | M37: ='Semana 6'!M37 | ... R37: ='Semana 6'!R37 | S37: =I37*J37+K37*L37+M37*N37+O37*P37+Q37*R37 -> 0
C38: ='Semana 6'!C38 | D38: ='Semana 6'!D38 | F38: ='Semana 6'!F38 | G38: ='Semana 6'!G38 | H38: ='Semana 6'!H38 | I38: ='Semana 6'!I38 | J38: ='Semana 6'!J38 | K38: ='Semana 6'!K38 | L38: ='Semana 6'!L38 | M38: ='Semana 6'!M38 | ... R38: ='Semana 6'!R38 | S38: =I38*J38+K38*L38+M38*N38+O38*P38+Q38*R38 -> 0
B39: Duración de la sesión | D39: DOMS | F39: GRUPO MUSCULAR | M39: PESAJE DEL DÍA | Q39: ESFUERZO GRAL.
B41: ='Semana 6'!B41 -> DÍA 4: ESTRUCTURA | F41: Series | G41: RIR/RPE | H41: Descanso | I41: Serie 1 | K41: Serie 2 | M41: Serie 3 | O41: Serie 4 | Q41: Serie 5 | S41: Tonelaje
B42: Notas del alumno | C42: Categoría de ejercicio | D42: Ejercicios | E42: Feedback Técnico | I42: Reps | J42: Kg | K42: Reps | L42: Kg | M42: Reps | N42: Kg | O42: Reps | P42: Kg | Q42: Reps | R42: Kg
C43: ='Semana 6'!C43 | D43: ='Semana 6'!D43 | F43: ='Semana 6'!F43 | G43: ='Semana 6'!G43 | H43: ='Semana 6'!H43 | I43: ='Semana 6'!I43 | J43: ='Semana 6'!J43 | K43: ='Semana 6'!K43 | L43: ='Semana 6'!L43 | M43: ='Semana 6'!M43 | ... R43: ='Semana 6'!R43 | S43: =I43*J43+K43*L43+M43*N43+O43*P43+Q43*R43 -> 0
C44: ='Semana 6'!C44 | D44: ='Semana 6'!D44 | F44: ='Semana 6'!F44 | G44: ='Semana 6'!G44 | H44: ='Semana 6'!H44 | I44: ='Semana 6'!I44 | J44: ='Semana 6'!J44 | K44: ='Semana 6'!K44 | L44: ='Semana 6'!L44 | M44: ='Semana 6'!M44 | ... R44: ='Semana 6'!R44 | S44: =I44*J44+K44*L44+M44*N44+O44*P44+Q44*R44 -> 0
C45: ='Semana 6'!C45 | D45: ='Semana 6'!D45 | F45: ='Semana 6'!F45 | G45: ='Semana 6'!G45 | H45: ='Semana 6'!H45 | I45: ='Semana 6'!I45 | J45: ='Semana 6'!J45 | K45: ='Semana 6'!K45 | L45: ='Semana 6'!L45 | M45: ='Semana 6'!M45 | ... R45: ='Semana 6'!R45 | S45: =I45*J45+K45*L45+M45*N45+O45*P45+Q45*R45 -> 0
C46: ='Semana 6'!C46 | D46: ='Semana 6'!D46 | F46: ='Semana 6'!F46 | G46: ='Semana 6'!G46 | H46: ='Semana 6'!H46 | I46: ='Semana 6'!I46 | J46: ='Semana 6'!J46 | K46: ='Semana 6'!K46 | L46: ='Semana 6'!L46 | M46: ='Semana 6'!M46 | ... R46: ='Semana 6'!R46 | S46: =I46*J46+K46*L46+M46*N46+O46*P46+Q46*R46 -> 0
C47: ='Semana 6'!C47 | D47: ='Semana 6'!D47 | F47: ='Semana 6'!F47 | G47: ='Semana 6'!G47 | H47: ='Semana 6'!H47 | I47: ='Semana 6'!I47 | J47: ='Semana 6'!J47 | K47: ='Semana 6'!K47 | L47: ='Semana 6'!L47 | M47: ='Semana 6'!M47 | ... R47: ='Semana 6'!R47 | S47: =I47*J47+K47*L47+M47*N47+O47*P47+Q47*R47 -> 0
C48: ='Semana 6'!C48 | D48: ='Semana 6'!D48 | F48: ='Semana 6'!F48 | G48: ='Semana 6'!G48 | H48: ='Semana 6'!H48 | I48: ='Semana 6'!I48 | J48: ='Semana 6'!J48 | K48: ='Semana 6'!K48 | L48: ='Semana 6'!L48 | M48: ='Semana 6'!M48 | ... R48: ='Semana 6'!R48 | S48: =I48*J48+K48*L48+M48*N48+O48*P48+Q48*R48 -> 0
C49: ='Semana 6'!C49 | D49: ='Semana 6'!D49 | F49: ='Semana 6'!F49 | G49: ='Semana 6'!G49 | H49: ='Semana 6'!H49 | I49: ='Semana 6'!I49 | J49: ='Semana 6'!J49 | K49: ='Semana 6'!K49 | L49: ='Semana 6'!L49 | M49: ='Semana 6'!M49 | ... R49: ='Semana 6'!R49 | S49: =I49*J49+K49*L49+M49*N49+O49*P49+Q49*R49 -> 0
C50: ='Semana 6'!C50 | D50: ='Semana 6'!D50 | F50: ='Semana 6'!F50 | G50: ='Semana 6'!G50 | H50: ='Semana 6'!H50 | I50: ='Semana 6'!I50 | J50: ='Semana 6'!J50 | K50: ='Semana 6'!K50 | L50: ='Semana 6'!L50 | M50: ='Semana 6'!M50 | ... R50: ='Semana 6'!R50 | S50: =I50*J50+K50*L50+M50*N50+O50*P50+Q50*R50 -> 0
B51: Duración de la sesión | D51: DOMS | F51: GRUPO MUSCULAR | M51: PESAJE DEL DÍA | Q51: ESFUERZO GRAL.
B53: ='Semana 6'!B53 -> DÍA 5: ESTRUCTURA | F53: Series | G53: RIR/RPE | H53: Descanso | I53: Serie 1 | K53: Serie 2 | M53: Serie 3 | O53: Serie 4 | Q53: Serie 5 | S53: Tonelaje
B54: Notas del alumno | C54: Categoría de ejercicio | D54: Ejercicios | E54: Feedback Técnico | I54: Reps | J54: Kg | K54: Reps | L54: Kg | M54: Reps | N54: Kg | O54: Reps | P54: Kg | Q54: Reps | R54: Kg
C55: ='Semana 6'!C55 | D55: ='Semana 6'!D55 | F55: ='Semana 6'!F55 | G55: ='Semana 6'!G55 | H55: ='Semana 6'!H55 | I55: ='Semana 6'!I55 | J55: ='Semana 6'!J55 | K55: ='Semana 6'!K55 | L55: ='Semana 6'!L55 | M55: ='Semana 6'!M55 | ... R55: ='Semana 6'!R55 | S55: =I55*J55+K55*L55+M55*N55+O55*P55+Q55*R55 -> 0
C56: ='Semana 6'!C56 | D56: ='Semana 6'!D56 | F56: ='Semana 6'!F56 | G56: ='Semana 6'!G56 | H56: ='Semana 6'!H56 | I56: ='Semana 6'!I56 | J56: ='Semana 6'!J56 | K56: ='Semana 6'!K56 | L56: ='Semana 6'!L56 | M56: ='Semana 6'!M56 | ... R56: ='Semana 6'!R56 | S56: =I56*J56+K56*L56+M56*N56+O56*P56+Q56*R56 -> 0
C57: ='Semana 6'!C57 | D57: ='Semana 6'!D57 | F57: ='Semana 6'!F57 | G57: ='Semana 6'!G57 | H57: ='Semana 6'!H57 | I57: ='Semana 6'!I57 | J57: ='Semana 6'!J57 | K57: ='Semana 6'!K57 | L57: ='Semana 6'!L57 | M57: ='Semana 6'!M57 | ... R57: ='Semana 6'!R57 | S57: =I57*J57+K57*L57+M57*N57+O57*P57+Q57*R57 -> 0
C58: ='Semana 6'!C58 | D58: ='Semana 6'!D58 | F58: ='Semana 6'!F58 | G58: ='Semana 6'!G58 | H58: ='Semana 6'!H58 | I58: ='Semana 6'!I58 | J58: ='Semana 6'!J58 | K58: ='Semana 6'!K58 | L58: ='Semana 6'!L58 | M58: ='Semana 6'!M58 | ... R58: ='Semana 6'!R58 | S58: =I58*J58+K58*L58+M58*N58+O58*P58+Q58*R58 -> 0
C59: ='Semana 6'!C59 | D59: ='Semana 6'!D59 | F59: ='Semana 6'!F59 | G59: ='Semana 6'!G59 | H59: ='Semana 6'!H59 | I59: ='Semana 6'!I59 | J59: ='Semana 6'!J59 | K59: ='Semana 6'!K59 | L59: ='Semana 6'!L59 | M59: ='Semana 6'!M59 | ... R59: ='Semana 6'!R59 | S59: =I59*J59+K59*L59+M59*N59+O59*P59+Q59*R59 -> 0
C60: ='Semana 6'!C60 | D60: ='Semana 6'!D60 | F60: ='Semana 6'!F60 | G60: ='Semana 6'!G60 | H60: ='Semana 6'!H60 | I60: ='Semana 6'!I60 | J60: ='Semana 6'!J60 | K60: ='Semana 6'!K60 | L60: ='Semana 6'!L60 | M60: ='Semana 6'!M60 | ... R60: ='Semana 6'!R60 | S60: =I60*J60+K60*L60+M60*N60+O60*P60+Q60*R60 -> 0
C61: ='Semana 6'!C61 | D61: ='Semana 6'!D61 | F61: ='Semana 6'!F61 | G61: ='Semana 6'!G61 | H61: ='Semana 6'!H61 | I61: ='Semana 6'!I61 | J61: ='Semana 6'!J61 | K61: ='Semana 6'!K61 | L61: ='Semana 6'!L61 | M61: ='Semana 6'!M61 | ... R61: ='Semana 6'!R61 | S61: =I61*J61+K61*L61+M61*N61+O61*P61+Q61*R61 -> 0
C62: ='Semana 6'!C62 | D62: ='Semana 6'!D62 | F62: ='Semana 6'!F62 | G62: ='Semana 6'!G62 | H62: ='Semana 6'!H62 | I62: ='Semana 6'!I62 | J62: ='Semana 6'!J62 | K62: ='Semana 6'!K62 | L62: ='Semana 6'!L62 | M62: ='Semana 6'!M62 | ... R62: ='Semana 6'!R62 | S62: =I62*J62+K62*L62+M62*N62+O62*P62+Q62*R62 -> 0
B63: Duración de la sesión | D63: DOMS | F63: GRUPO MUSCULAR | M63: PESAJE DEL DÍA | Q63: ESFUERZO GRAL.
B65: ='Semana 6'!B65 -> DÍA 6: ESTRUCTURA | F65: Series | G65: RIR/RPE | H65: Descanso | I65: Serie 1 | K65: Serie 2 | M65: Serie 3 | O65: Serie 4 | Q65: Serie 5 | S65: Tonelaje
B66: Notas del alumno | C66: Categoría de ejercicio | D66: Ejercicios | E66: Feedback Técnico | I66: Reps | J66: Kg | K66: Reps | L66: Kg | M66: Reps | N66: Kg | O66: Reps | P66: Kg | Q66: Reps | R66: Kg
C67: ='Semana 6'!C67 | D67: ='Semana 6'!D67 | F67: ='Semana 6'!F67 | G67: ='Semana 6'!G67 | H67: ='Semana 6'!H67 | I67: ='Semana 6'!I67 | J67: ='Semana 6'!J67 | K67: ='Semana 6'!K67 | L67: ='Semana 6'!L67 | M67: ='Semana 6'!M67 | ... R67: ='Semana 6'!R67 | S67: =I67*J67+K67*L67+M67*N67+O67*P67+Q67*R67 -> 0
C68: ='Semana 6'!C68 | D68: ='Semana 6'!D68 | F68: ='Semana 6'!F68 | G68: ='Semana 6'!G68 | H68: ='Semana 6'!H68 | I68: ='Semana 6'!I68 | J68: ='Semana 6'!J68 | K68: ='Semana 6'!K68 | L68: ='Semana 6'!L68 | M68: ='Semana 6'!M68 | ... R68: ='Semana 6'!R68 | S68: =I68*J68+K68*L68+M68*N68+O68*P68+Q68*R68 -> 0
C69: ='Semana 6'!C69 | D69: ='Semana 6'!D69 | F69: ='Semana 6'!F69 | G69: ='Semana 6'!G69 | H69: ='Semana 6'!H69 | I69: ='Semana 6'!I69 | J69: ='Semana 6'!J69 | K69: ='Semana 6'!K69 | L69: ='Semana 6'!L69 | M69: ='Semana 6'!M69 | ... R69: ='Semana 6'!R69 | S69: =I69*J69+K69*L69+M69*N69+O69*P69+Q69*R69 -> 0
C70: ='Semana 6'!C70 | D70: ='Semana 6'!D70 | F70: ='Semana 6'!F70 | G70: ='Semana 6'!G70 | H70: ='Semana 6'!H70 | I70: ='Semana 6'!I70 | J70: ='Semana 6'!J70 | K70: ='Semana 6'!K70 | L70: ='Semana 6'!L70 | M70: ='Semana 6'!M70 | ... R70: ='Semana 6'!R70 | S70: =I70*J70+K70*L70+M70*N70+O70*P70+Q70*R70 -> 0
C71: ='Semana 6'!C71 | D71: ='Semana 6'!D71 | F71: ='Semana 6'!F71 | G71: ='Semana 6'!G71 | H71: ='Semana 6'!H71 | I71: ='Semana 6'!I71 | J71: ='Semana 6'!J71 | K71: ='Semana 6'!K71 | L71: ='Semana 6'!L71 | M71: ='Semana 6'!M71 | ... R71: ='Semana 6'!R71 | S71: =I71*J71+K71*L71+M71*N71+O71*P71+Q71*R71 -> 0
C72: ='Semana 6'!C72 | D72: ='Semana 6'!D72 | F72: ='Semana 6'!F72 | G72: ='Semana 6'!G72 | H72: ='Semana 6'!H72 | I72: ='Semana 6'!I72 | J72: ='Semana 6'!J72 | K72: ='Semana 6'!K72 | L72: ='Semana 6'!L72 | M72: ='Semana 6'!M72 | ... R72: ='Semana 6'!R72 | S72: =I72*J72+K72*L72+M72*N72+O72*P72+Q72*R72 -> 0
C73: ='Semana 6'!C73 | D73: ='Semana 6'!D73 | F73: ='Semana 6'!F73 | G73: ='Semana 6'!G73 | H73: ='Semana 6'!H73 | I73: ='Semana 6'!I73 | J73: ='Semana 6'!J73 | K73: ='Semana 6'!K73 | L73: ='Semana 6'!L73 | M73: ='Semana 6'!M73 | ... R73: ='Semana 6'!R73 | S73: =I73*J73+K73*L73+M73*N73+O73*P73+Q73*R73 -> 0
C74: ='Semana 6'!C74 | D74: ='Semana 6'!D74 | F74: ='Semana 6'!F74 | G74: ='Semana 6'!G74 | H74: ='Semana 6'!H74 | I74: ='Semana 6'!I74 | J74: ='Semana 6'!J74 | K74: ='Semana 6'!K74 | L74: ='Semana 6'!L74 | M74: ='Semana 6'!M74 | ... R74: ='Semana 6'!R74 | S74: =I74*J74+K74*L74+M74*N74+O74*P74+Q74*R74 -> 0
B75: Duración de la sesión | D75: DOMS | F75: GRUPO MUSCULAR | M75: PESAJE DEL DÍA | Q75: ESFUERZO GRAL.
M78: PESO PROMEDIO SEMANA | P78: =IFERROR(AVERAGE(O15,O27,O39,O51,O63,O75),"0,0 KG") -> 0,0 KG

Sheet Semana 8
C2: Entrenador/a | D2: ='Semana 1'!D2 -> Tu nombre y apellido | F2: Fecha de hoy | I2: =TODAY() -> 46305 | P2: Semanas trascurridas
C3: Nombre del alumno | D3: ='Semana 1'!D3 -> El nombre y apellido del alumno | F3: Fecha de inicio | I3: ='Semana 1'!I3 -> 45901 | P3: ='Semana 1'!P3 -> 57
B5: ='Semana 7'!B5 -> DÍA 1: ESTRUCTURA | F5: Series | G5: RIR/RPE | H5: Descanso | I5: Serie 1 | K5: Serie 2 | M5: Serie 3 | O5: Serie 4 | Q5: Serie 5 | S5: Tonelaje
B6: Notas del alumno | C6: Categoría de ejercicio | D6: Ejercicios | E6: Feedback Técnico | I6: Reps | J6: Kg | K6: Reps | L6: Kg | M6: Reps | N6: Kg | O6: Reps | P6: Kg | Q6: Reps | R6: Kg
C7: ='Semana 7'!C7 | D7: ='Semana 7'!D7 | F7: ='Semana 7'!F7 | G7: ='Semana 7'!G7 | H7: ='Semana 7'!H7 | I7: ='Semana 7'!I7 | J7: ='Semana 7'!J7 | K7: ='Semana 7'!K7 | L7: ='Semana 7'!L7 | M7: ='Semana 7'!M7 | ... R7: ='Semana 7'!R7 | S7: =I7*J7+K7*L7+M7*N7+O7*P7+Q7*R7 -> 0
C8: ='Semana 7'!C8 | D8: ='Semana 7'!D8 | F8: ='Semana 7'!F8 | G8: ='Semana 7'!G8 | H8: ='Semana 7'!H8 | I8: ='Semana 7'!I8 | J8: ='Semana 7'!J8 | K8: ='Semana 7'!K8 | L8: ='Semana 7'!L8 | M8: ='Semana 7'!M8 | ... R8: ='Semana 7'!R8 | S8: =I8*J8+K8*L8+M8*N8+O8*P8+Q8*R8 -> 0
C9: ='Semana 7'!C9 | D9: ='Semana 7'!D9 | F9: ='Semana 7'!F9 | G9: ='Semana 7'!G9 | H9: ='Semana 7'!H9 | I9: ='Semana 7'!I9 | J9: ='Semana 7'!J9 | K9: ='Semana 7'!K9 | L9: ='Semana 7'!L9 | M9: ='Semana 7'!M9 | ... R9: ='Semana 7'!R9 | S9: =I9*J9+K9*L9+M9*N9+O9*P9+Q9*R9 -> 0
C10: ='Semana 7'!C10 | D10: ='Semana 7'!D10 | F10: ='Semana 7'!F10 | G10: ='Semana 7'!G10 | H10: ='Semana 7'!H10 | I10: ='Semana 7'!I10 | J10: ='Semana 7'!J10 | K10: ='Semana 7'!K10 | L10: ='Semana 7'!L10 | M10: ='Semana 7'!M10 | ... R10: ='Semana 7'!R10 | S10: =I10*J10+K10*L10+M10*N10+O10*P10+Q10*R10 -> 0
C11: ='Semana 7'!C11 | D11: ='Semana 7'!D11 | F11: ='Semana 7'!F11 | G11: ='Semana 7'!G11 | H11: ='Semana 7'!H11 | I11: ='Semana 7'!I11 | J11: ='Semana 7'!J11 | K11: ='Semana 7'!K11 | L11: ='Semana 7'!L11 | M11: ='Semana 7'!M11 | ... R11: ='Semana 7'!R11 | S11: =I11*J11+K11*L11+M11*N11+O11*P11+Q11*R11 -> 0
C12: ='Semana 7'!C12 | D12: ='Semana 7'!D12 | F12: ='Semana 7'!F12 | G12: ='Semana 7'!G12 | H12: ='Semana 7'!H12 | I12: ='Semana 7'!I12 | J12: ='Semana 7'!J12 | K12: ='Semana 7'!K12 | L12: ='Semana 7'!L12 | M12: ='Semana 7'!M12 | ... R12: ='Semana 7'!R12 | S12: =I12*J12+K12*L12+M12*N12+O12*P12+Q12*R12 -> 0
C13: ='Semana 7'!C13 | D13: ='Semana 7'!D13 | F13: ='Semana 7'!F13 | G13: ='Semana 7'!G13 | H13: ='Semana 7'!H13 | I13: ='Semana 7'!I13 | J13: ='Semana 7'!J13 | K13: ='Semana 7'!K13 | L13: ='Semana 7'!L13 | M13: ='Semana 7'!M13 | ... R13: ='Semana 7'!R13 | S13: =I13*J13+K13*L13+M13*N13+O13*P13+Q13*R13 -> 0
C14: ='Semana 7'!C14 | D14: ='Semana 7'!D14 | F14: ='Semana 7'!F14 | G14: ='Semana 7'!G14 | H14: ='Semana 7'!H14 | I14: ='Semana 7'!I14 | J14: ='Semana 7'!J14 | K14: ='Semana 7'!K14 | L14: ='Semana 7'!L14 | M14: ='Semana 7'!M14 | ... R14: ='Semana 7'!R14 | S14: =I14*J14+K14*L14+M14*N14+O14*P14+Q14*R14 -> 0
B15: Duración de la sesión | D15: DOMS | F15: GRUPO MUSCULAR | M15: PESAJE DEL DÍA | Q15: ESFUERZO GRAL.
B17: ='Semana 7'!B17 -> DÍA 2: ESTRUCTURA | F17: Series | G17: RIR/RPE | H17: Descanso | I17: Serie 1 | K17: Serie 2 | M17: Serie 3 | O17: Serie 4 | Q17: Serie 5 | S17: Tonelaje
B18: Notas del alumno | C18: Categoría de ejercicio | D18: Ejercicios | E18: Feedback Técnico | I18: Reps | J18: Kg | K18: Reps | L18: Kg | M18: Reps | N18: Kg | O18: Reps | P18: Kg | Q18: Reps | R18: Kg
C19: ='Semana 7'!C19 | D19: ='Semana 7'!D19 | F19: ='Semana 7'!F19 | G19: ='Semana 7'!G19 | H19: ='Semana 7'!H19 | I19: ='Semana 7'!I19 | J19: ='Semana 7'!J19 | K19: ='Semana 7'!K19 | L19: ='Semana 7'!L19 | M19: ='Semana 7'!M19 | ... R19: ='Semana 7'!R19 | S19: =I19*J19+K19*L19+M19*N19+O19*P19+Q19*R19 -> 0
C20: ='Semana 7'!C20 | D20: ='Semana 7'!D20 | F20: ='Semana 7'!F20 | G20: ='Semana 7'!G20 | H20: ='Semana 7'!H20 | I20: ='Semana 7'!I20 | J20: ='Semana 7'!J20 | K20: ='Semana 7'!K20 | L20: ='Semana 7'!L20 | M20: ='Semana 7'!M20 | ... R20: ='Semana 7'!R20 | S20: =I20*J20+K20*L20+M20*N20+O20*P20+Q20*R20 -> 0
C21: ='Semana 7'!C21 | D21: ='Semana 7'!D21 | F21: ='Semana 7'!F21 | G21: ='Semana 7'!G21 | H21: ='Semana 7'!H21 | I21: ='Semana 7'!I21 | J21: ='Semana 7'!J21 | K21: ='Semana 7'!K21 | L21: ='Semana 7'!L21 | M21: ='Semana 7'!M21 | ... R21: ='Semana 7'!R21 | S21: =I21*J21+K21*L21+M21*N21+O21*P21+Q21*R21 -> 0
C22: ='Semana 7'!C22 | D22: ='Semana 7'!D22 | F22: ='Semana 7'!F22 | G22: ='Semana 7'!G22 | H22: ='Semana 7'!H22 | I22: ='Semana 7'!I22 | J22: ='Semana 7'!J22 | K22: ='Semana 7'!K22 | L22: ='Semana 7'!L22 | M22: ='Semana 7'!M22 | ... R22: ='Semana 7'!R22 | S22: =I22*J22+K22*L22+M22*N22+O22*P22+Q22*R22 -> 0
C23: ='Semana 7'!C23 | D23: ='Semana 7'!D23 | F23: ='Semana 7'!F23 | G23: ='Semana 7'!G23 | H23: ='Semana 7'!H23 | I23: ='Semana 7'!I23 | J23: ='Semana 7'!J23 | K23: ='Semana 7'!K23 | L23: ='Semana 7'!L23 | M23: ='Semana 7'!M23 | ... R23: ='Semana 7'!R23 | S23: =I23*J23+K23*L23+M23*N23+O23*P23+Q23*R23 -> 0
C24: ='Semana 7'!C24 | D24: ='Semana 7'!D24 | F24: ='Semana 7'!F24 | G24: ='Semana 7'!G24 | H24: ='Semana 7'!H24 | I24: ='Semana 7'!I24 | J24: ='Semana 7'!J24 | K24: ='Semana 7'!K24 | L24: ='Semana 7'!L24 | M24: ='Semana 7'!M24 | ... R24: ='Semana 7'!R24 | S24: =I24*J24+K24*L24+M24*N24+O24*P24+Q24*R24 -> 0
C25: ='Semana 7'!C25 | D25: ='Semana 7'!D25 | F25: ='Semana 7'!F25 | G25: ='Semana 7'!G25 | H25: ='Semana 7'!H25 | I25: ='Semana 7'!I25 | J25: ='Semana 7'!J25 | K25: ='Semana 7'!K25 | L25: ='Semana 7'!L25 | M25: ='Semana 7'!M25 | ... R25: ='Semana 7'!R25 | S25: =I25*J25+K25*L25+M25*N25+O25*P25+Q25*R25 -> 0
C26: ='Semana 7'!C26 | D26: ='Semana 7'!D26 | F26: ='Semana 7'!F26 | G26: ='Semana 7'!G26 | H26: ='Semana 7'!H26 | I26: ='Semana 7'!I26 | J26: ='Semana 7'!J26 | K26: ='Semana 7'!K26 | L26: ='Semana 7'!L26 | M26: ='Semana 7'!M26 | ... R26: ='Semana 7'!R26 | S26: =I26*J26+K26*L26+M26*N26+O26*P26+Q26*R26 -> 0
B27: Duración de la sesión | D27: DOMS | F27: GRUPO MUSCULAR | M27: PESAJE DEL DÍA | Q27: ESFUERZO GRAL.
B29: ='Semana 7'!B29 -> DÍA 3: ESTRUCTURA | F29: Series | G29: RIR/RPE | H29: Descanso | I29: Serie 1 | K29: Serie 2 | M29: Serie 3 | O29: Serie 4 | Q29: Serie 5 | S29: Tonelaje
B30: Notas del alumno | C30: Categoría de ejercicio | D30: Ejercicios | E30: Feedback Técnico | I30: Reps | J30: Kg | K30: Reps | L30: Kg | M30: Reps | N30: Kg | O30: Reps | P30: Kg | Q30: Reps | R30: Kg
C31: ='Semana 7'!C31 | D31: ='Semana 7'!D31 | F31: ='Semana 7'!F31 | G31: ='Semana 7'!G31 | H31: ='Semana 7'!H31 | I31: ='Semana 7'!I31 | J31: ='Semana 7'!J31 | K31: ='Semana 7'!K31 | L31: ='Semana 7'!L31 | M31: ='Semana 7'!M31 | ... R31: ='Semana 7'!R31 | S31: =I31*J31+K31*L31+M31*N31+O31*P31+Q31*R31 -> 0
C32: ='Semana 7'!C32 | D32: ='Semana 7'!D32 | F32: ='Semana 7'!F32 | G32: ='Semana 7'!G32 | H32: ='Semana 7'!H32 | I32: ='Semana 7'!I32 | J32: ='Semana 7'!J32 | K32: ='Semana 7'!K32 | L32: ='Semana 7'!L32 | M32: ='Semana 7'!M32 | ... R32: ='Semana 7'!R32 | S32: =I32*J32+K32*L32+M32*N32+O32*P32+Q32*R32 -> 0
C33: ='Semana 7'!C33 | D33: ='Semana 7'!D33 | F33: ='Semana 7'!F33 | G33: ='Semana 7'!G33 | H33: ='Semana 7'!H33 | I33: ='Semana 7'!I33 | J33: ='Semana 7'!J33 | K33: ='Semana 7'!K33 | L33: ='Semana 7'!L33 | M33: ='Semana 7'!M33 | ... R33: ='Semana 7'!R33 | S33: =I33*J33+K33*L33+M33*N33+O33*P33+Q33*R33 -> 0
C34: ='Semana 7'!C34 | D34: ='Semana 7'!D34 | F34: ='Semana 7'!F34 | G34: ='Semana 7'!G34 | H34: ='Semana 7'!H34 | I34: ='Semana 7'!I34 | J34: ='Semana 7'!J34 | K34: ='Semana 7'!K34 | L34: ='Semana 7'!L34 | M34: ='Semana 7'!M34 | ... R34: ='Semana 7'!R34 | S34: =I34*J34+K34*L34+M34*N34+O34*P34+Q34*R34 -> 0
C35: ='Semana 7'!C35 | D35: ='Semana 7'!D35 | F35: ='Semana 7'!F35 | G35: ='Semana 7'!G35 | H35: ='Semana 7'!H35 | I35: ='Semana 7'!I35 | J35: ='Semana 7'!J35 | K35: ='Semana 7'!K35 | L35: ='Semana 7'!L35 | M35: ='Semana 7'!M35 | ... R35: ='Semana 7'!R35 | S35: =I35*J35+K35*L35+M35*N35+O35*P35+Q35*R35 -> 0
C36: ='Semana 7'!C36 | D36: ='Semana 7'!D36 | F36: ='Semana 7'!F36 | G36: ='Semana 7'!G36 | H36: ='Semana 7'!H36 | I36: ='Semana 7'!I36 | J36: ='Semana 7'!J36 | K36: ='Semana 7'!K36 | L36: ='Semana 7'!L36 | M36: ='Semana 7'!M36 | ... R36: ='Semana 7'!R36 | S36: =I36*J36+K36*L36+M36*N36+O36*P36+Q36*R36 -> 0
C37: ='Semana 7'!C37 | D37: ='Semana 7'!D37 | F37: ='Semana 7'!F37 | G37: ='Semana 7'!G37 | H37: ='Semana 7'!H37 | I37: ='Semana 7'!I37 | J37: ='Semana 7'!J37 | K37: ='Semana 7'!K37 | L37: ='Semana 7'!L37 | M37: ='Semana 7'!M37 | ... R37: ='Semana 7'!R37 | S37: =I37*J37+K37*L37+M37*N37+O37*P37+Q37*R37 -> 0
C38: ='Semana 7'!C38 | D38: ='Semana 7'!D38 | F38: ='Semana 7'!F38 | G38: ='Semana 7'!G38 | H38: ='Semana 7'!H38 | I38: ='Semana 7'!I38 | J38: ='Semana 7'!J38 | K38: ='Semana 7'!K38 | L38: ='Semana 7'!L38 | M38: ='Semana 7'!M38 | ... R38: ='Semana 7'!R38 | S38: =I38*J38+K38*L38+M38*N38+O38*P38+Q38*R38 -> 0
B39: Duración de la sesión | D39: DOMS | F39: GRUPO MUSCULAR | M39: PESAJE DEL DÍA | Q39: ESFUERZO GRAL.
B41: ='Semana 7'!B41 -> DÍA 4: ESTRUCTURA | F41: Series | G41: RIR/RPE | H41: Descanso | I41: Serie 1 | K41: Serie 2 | M41: Serie 3 | O41: Serie 4 | Q41: Serie 5 | S41: Tonelaje
B42: Notas del alumno | C42: Categoría de ejercicio | D42: Ejercicios | E42: Feedback Técnico | I42: Reps | J42: Kg | K42: Reps | L42: Kg | M42: Reps | N42: Kg | O42: Reps | P42: Kg | Q42: Reps | R42: Kg
C43: ='Semana 7'!C43 | D43: ='Semana 7'!D43 | F43: ='Semana 7'!F43 | G43: ='Semana 7'!G43 | H43: ='Semana 7'!H43 | I43: ='Semana 7'!I43 | J43: ='Semana 7'!J43 | K43: ='Semana 7'!K43 | L43: ='Semana 7'!L43 | M43: ='Semana 7'!M43 | ... R43: ='Semana 7'!R43 | S43: =I43*J43+K43*L43+M43*N43+O43*P43+Q43*R43 -> 0
C44: ='Semana 7'!C44 | D44: ='Semana 7'!D44 | F44: ='Semana 7'!F44 | G44: ='Semana 7'!G44 | H44: ='Semana 7'!H44 | I44: ='Semana 7'!I44 | J44: ='Semana 7'!J44 | K44: ='Semana 7'!K44 | L44: ='Semana 7'!L44 | M44: ='Semana 7'!M44 | ... R44: ='Semana 7'!R44 | S44: =I44*J44+K44*L44+M44*N44+O44*P44+Q44*R44 -> 0
C45: ='Semana 7'!C45 | D45: ='Semana 7'!D45 | F45: ='Semana 7'!F45 | G45: ='Semana 7'!G45 | H45: ='Semana 7'!H45 | I45: ='Semana 7'!I45 | J45: ='Semana 7'!J45 | K45: ='Semana 7'!K45 | L45: ='Semana 7'!L45 | M45: ='Semana 7'!M45 | ... R45: ='Semana 7'!R45 | S45: =I45*J45+K45*L45+M45*N45+O45*P45+Q45*R45 -> 0
C46: ='Semana 7'!C46 | D46: ='Semana 7'!D46 | F46: ='Semana 7'!F46 | G46: ='Semana 7'!G46 | H46: ='Semana 7'!H46 | I46: ='Semana 7'!I46 | J46: ='Semana 7'!J46 | K46: ='Semana 7'!K46 | L46: ='Semana 7'!L46 | M46: ='Semana 7'!M46 | ... R46: ='Semana 7'!R46 | S46: =I46*J46+K46*L46+M46*N46+O46*P46+Q46*R46 -> 0
C47: ='Semana 7'!C47 | D47: ='Semana 7'!D47 | F47: ='Semana 7'!F47 | G47: ='Semana 7'!G47 | H47: ='Semana 7'!H47 | I47: ='Semana 7'!I47 | J47: ='Semana 7'!J47 | K47: ='Semana 7'!K47 | L47: ='Semana 7'!L47 | M47: ='Semana 7'!M47 | ... R47: ='Semana 7'!R47 | S47: =I47*J47+K47*L47+M47*N47+O47*P47+Q47*R47 -> 0
C48: ='Semana 7'!C48 | D48: ='Semana 7'!D48 | F48: ='Semana 7'!F48 | G48: ='Semana 7'!G48 | H48: ='Semana 7'!H48 | I48: ='Semana 7'!I48 | J48: ='Semana 7'!J48 | K48: ='Semana 7'!K48 | L48: ='Semana 7'!L48 | M48: ='Semana 7'!M48 | ... R48: ='Semana 7'!R48 | S48: =I48*J48+K48*L48+M48*N48+O48*P48+Q48*R48 -> 0
C49: ='Semana 7'!C49 | D49: ='Semana 7'!D49 | F49: ='Semana 7'!F49 | G49: ='Semana 7'!G49 | H49: ='Semana 7'!H49 | I49: ='Semana 7'!I49 | J49: ='Semana 7'!J49 | K49: ='Semana 7'!K49 | L49: ='Semana 7'!L49 | M49: ='Semana 7'!M49 | ... R49: ='Semana 7'!R49 | S49: =I49*J49+K49*L49+M49*N49+O49*P49+Q49*R49 -> 0
C50: ='Semana 7'!C50 | D50: ='Semana 7'!D50 | F50: ='Semana 7'!F50 | G50: ='Semana 7'!G50 | H50: ='Semana 7'!H50 | I50: ='Semana 7'!I50 | J50: ='Semana 7'!J50 | K50: ='Semana 7'!K50 | L50: ='Semana 7'!L50 | M50: ='Semana 7'!M50 | ... R50: ='Semana 7'!R50 | S50: =I50*J50+K50*L50+M50*N50+O50*P50+Q50*R50 -> 0
B51: Duración de la sesión | D51: DOMS | F51: GRUPO MUSCULAR | M51: PESAJE DEL DÍA | Q51: ESFUERZO GRAL.
B53: ='Semana 7'!B53 -> DÍA 5: ESTRUCTURA | F53: Series | G53: RIR/RPE | H53: Descanso | I53: Serie 1 | K53: Serie 2 | M53: Serie 3 | O53: Serie 4 | Q53: Serie 5 | S53: Tonelaje
B54: Notas del alumno | C54: Categoría de ejercicio | D54: Ejercicios | E54: Feedback Técnico | I54: Reps | J54: Kg | K54: Reps | L54: Kg | M54: Reps | N54: Kg | O54: Reps | P54: Kg | Q54: Reps | R54: Kg
C55: ='Semana 7'!C55 | D55: ='Semana 7'!D55 | F55: ='Semana 7'!F55 | G55: ='Semana 7'!G55 | H55: ='Semana 7'!H55 | I55: ='Semana 7'!I55 | J55: ='Semana 7'!J55 | K55: ='Semana 7'!K55 | L55: ='Semana 7'!L55 | M55: ='Semana 7'!M55 | ... R55: ='Semana 7'!R55 | S55: =I55*J55+K55*L55+M55*N55+O55*P55+Q55*R55 -> 0
C56: ='Semana 7'!C56 | D56: ='Semana 7'!D56 | F56: ='Semana 7'!F56 | G56: ='Semana 7'!G56 | H56: ='Semana 7'!H56 | I56: ='Semana 7'!I56 | J56: ='Semana 7'!J56 | K56: ='Semana 7'!K56 | L56: ='Semana 7'!L56 | M56: ='Semana 7'!M56 | ... R56: ='Semana 7'!R56 | S56: =I56*J56+K56*L56+M56*N56+O56*P56+Q56*R56 -> 0
C57: ='Semana 7'!C57 | D57: ='Semana 7'!D57 | F57: ='Semana 7'!F57 | G57: ='Semana 7'!G57 | H57: ='Semana 7'!H57 | I57: ='Semana 7'!I57 | J57: ='Semana 7'!J57 | K57: ='Semana 7'!K57 | L57: ='Semana 7'!L57 | M57: ='Semana 7'!M57 | ... R57: ='Semana 7'!R57 | S57: =I57*J57+K57*L57+M57*N57+O57*P57+Q57*R57 -> 0
C58: ='Semana 7'!C58 | D58: ='Semana 7'!D58 | F58: ='Semana 7'!F58 | G58: ='Semana 7'!G58 | H58: ='Semana 7'!H58 | I58: ='Semana 7'!I58 | J58: ='Semana 7'!J58 | K58: ='Semana 7'!K58 | L58: ='Semana 7'!L58 | M58: ='Semana 7'!M58 | ... R58: ='Semana 7'!R58 | S58: =I58*J58+K58*L58+M58*N58+O58*P58+Q58*R58 -> 0
C59: ='Semana 7'!C59 | D59: ='Semana 7'!D59 | F59: ='Semana 7'!F59 | G59: ='Semana 7'!G59 | H59: ='Semana 7'!H59 | I59: ='Semana 7'!I59 | J59: ='Semana 7'!J59 | K59: ='Semana 7'!K59 | L59: ='Semana 7'!L59 | M59: ='Semana 7'!M59 | ... R59: ='Semana 7'!R59 | S59: =I59*J59+K59*L59+M59*N59+O59*P59+Q59*R59 -> 0
C60: ='Semana 7'!C60 | D60: ='Semana 7'!D60 | F60: ='Semana 7'!F60 | G60: ='Semana 7'!G60 | H60: ='Semana 7'!H60 | I60: ='Semana 7'!I60 | J60: ='Semana 7'!J60 | K60: ='Semana 7'!K60 | L60: ='Semana 7'!L60 | M60: ='Semana 7'!M60 | ... R60: ='Semana 7'!R60 | S60: =I60*J60+K60*L60+M60*N60+O60*P60+Q60*R60 -> 0
C61: ='Semana 7'!C61 | D61: ='Semana 7'!D61 | F61: ='Semana 7'!F61 | G61: ='Semana 7'!G61 | H61: ='Semana 7'!H61 | I61: ='Semana 7'!I61 | J61: ='Semana 7'!J61 | K61: ='Semana 7'!K61 | L61: ='Semana 7'!L61 | M61: ='Semana 7'!M61 | ... R61: ='Semana 7'!R61 | S61: =I61*J61+K61*L61+M61*N61+O61*P61+Q61*R61 -> 0
C62: ='Semana 7'!C62 | D62: ='Semana 7'!D62 | F62: ='Semana 7'!F62 | G62: ='Semana 7'!G62 | H62: ='Semana 7'!H62 | I62: ='Semana 7'!I62 | J62: ='Semana 7'!J62 | K62: ='Semana 7'!K62 | L62: ='Semana 7'!L62 | M62: ='Semana 7'!M62 | ... R62: ='Semana 7'!R62 | S62: =I62*J62+K62*L62+M62*N62+O62*P62+Q62*R62 -> 0
B63: Duración de la sesión | D63: DOMS | F63: GRUPO MUSCULAR | M63: PESAJE DEL DÍA | Q63: ESFUERZO GRAL.
B65: ='Semana 7'!B65 -> DÍA 6: ESTRUCTURA | F65: Series | G65: RIR/RPE | H65: Descanso | I65: Serie 1 | K65: Serie 2 | M65: Serie 3 | O65: Serie 4 | Q65: Serie 5 | S65: Tonelaje
B66: Notas del alumno | C66: Categoría de ejercicio | D66: Ejercicios | E66: Feedback Técnico | I66: Reps | J66: Kg | K66: Reps | L66: Kg | M66: Reps | N66: Kg | O66: Reps | P66: Kg | Q66: Reps | R66: Kg
C67: ='Semana 7'!C67 | D67: ='Semana 7'!D67 | F67: ='Semana 7'!F67 | G67: ='Semana 7'!G67 | H67: ='Semana 7'!H67 | I67: ='Semana 7'!I67 | J67: ='Semana 7'!J67 | K67: ='Semana 7'!K67 | L67: ='Semana 7'!L67 | M67: ='Semana 7'!M67 | ... R67: ='Semana 7'!R67 | S67: =I67*J67+K67*L67+M67*N67+O67*P67+Q67*R67 -> 0
C68: ='Semana 7'!C68 | D68: ='Semana 7'!D68 | F68: ='Semana 7'!F68 | G68: ='Semana 7'!G68 | H68: ='Semana 7'!H68 | I68: ='Semana 7'!I68 | J68: ='Semana 7'!J68 | K68: ='Semana 7'!K68 | L68: ='Semana 7'!L68 | M68: ='Semana 7'!M68 | ... R68: ='Semana 7'!R68 | S68: =I68*J68+K68*L68+M68*N68+O68*P68+Q68*R68 -> 0
C69: ='Semana 7'!C69 | D69: ='Semana 7'!D69 | F69: ='Semana 7'!F69 | G69: ='Semana 7'!G69 | H69: ='Semana 7'!H69 | I69: ='Semana 7'!I69 | J69: ='Semana 7'!J69 | K69: ='Semana 7'!K69 | L69: ='Semana 7'!L69 | M69: ='Semana 7'!M69 | ... R69: ='Semana 7'!R69 | S69: =I69*J69+K69*L69+M69*N69+O69*P69+Q69*R69 -> 0
C70: ='Semana 7'!C70 | D70: ='Semana 7'!D70 | F70: ='Semana 7'!F70 | G70: ='Semana 7'!G70 | H70: ='Semana 7'!H70 | I70: ='Semana 7'!I70 | J70: ='Semana 7'!J70 | K70: ='Semana 7'!K70 | L70: ='Semana 7'!L70 | M70: ='Semana 7'!M70 | ... R70: ='Semana 7'!R70 | S70: =I70*J70+K70*L70+M70*N70+O70*P70+Q70*R70 -> 0
C71: ='Semana 7'!C71 | D71: ='Semana 7'!D71 | F71: ='Semana 7'!F71 | G71: ='Semana 7'!G71 | H71: ='Semana 7'!H71 | I71: ='Semana 7'!I71 | J71: ='Semana 7'!J71 | K71: ='Semana 7'!K71 | L71: ='Semana 7'!L71 | M71: ='Semana 7'!M71 | ... R71: ='Semana 7'!R71 | S71: =I71*J71+K71*L71+M71*N71+O71*P71+Q71*R71 -> 0
C72: ='Semana 7'!C72 | D72: ='Semana 7'!D72 | F72: ='Semana 7'!F72 | G72: ='Semana 7'!G72 | H72: ='Semana 7'!H72 | I72: ='Semana 7'!I72 | J72: ='Semana 7'!J72 | K72: ='Semana 7'!K72 | L72: ='Semana 7'!L72 | M72: ='Semana 7'!M72 | ... R72: ='Semana 7'!R72 | S72: =I72*J72+K72*L72+M72*N72+O72*P72+Q72*R72 -> 0
C73: ='Semana 7'!C73 | D73: ='Semana 7'!D73 | F73: ='Semana 7'!F73 | G73: ='Semana 7'!G73 | H73: ='Semana 7'!H73 | I73: ='Semana 7'!I73 | J73: ='Semana 7'!J73 | K73: ='Semana 7'!K73 | L73: ='Semana 7'!L73 | M73: ='Semana 7'!M73 | ... R73: ='Semana 7'!R73 | S73: =I73*J73+K73*L73+M73*N73+O73*P73+Q73*R73 -> 0
C74: ='Semana 7'!C74 | D74: ='Semana 7'!D74 | F74: ='Semana 7'!F74 | G74: ='Semana 7'!G74 | H74: ='Semana 7'!H74 | I74: ='Semana 7'!I74 | J74: ='Semana 7'!J74 | K74: ='Semana 7'!K74 | L74: ='Semana 7'!L74 | M74: ='Semana 7'!M74 | ... R74: ='Semana 7'!R74 | S74: =I74*J74+K74*L74+M74*N74+O74*P74+Q74*R74 -> 0
B75: Duración de la sesión | D75: DOMS | F75: GRUPO MUSCULAR | M75: PESAJE DEL DÍA | Q75: ESFUERZO GRAL.
M78: PESO PROMEDIO SEMANA | P78: =IFERROR(AVERAGE(O15,O27,O39,O51,O63,O75),"0,0 KG") -> 0,0 KG

Sheet Semana 9
C2: Entrenador/a | D2: ='Semana 1'!D2 -> Tu nombre y apellido | F2: Fecha de hoy | I2: =TODAY() -> 46305 | P2: Semanas trascurridas
C3: Nombre del alumno | D3: ='Semana 1'!D3 -> El nombre y apellido del alumno | F3: Fecha de inicio | I3: ='Semana 1'!I3 -> 45901 | P3: ='Semana 1'!P3 -> 57
B5: ='Semana 8'!B5 -> DÍA 1: ESTRUCTURA | F5: Series | G5: RIR/RPE | H5: Descanso | I5: Serie 1 | K5: Serie 2 | M5: Serie 3 | O5: Serie 4 | Q5: Serie 5 | S5: Tonelaje
B6: Notas del alumno | C6: Categoría de ejercicio | D6: Ejercicios | E6: Feedback Técnico | I6: Reps | J6: Kg | K6: Reps | L6: Kg | M6: Reps | N6: Kg | O6: Reps | P6: Kg | Q6: Reps | R6: Kg
C7: ='Semana 8'!C7 | D7: ='Semana 8'!D7 | F7: ='Semana 8'!F7 | G7: ='Semana 8'!G7 | H7: ='Semana 8'!H7 | I7: ='Semana 8'!I7 | J7: ='Semana 8'!J7 | K7: ='Semana 8'!K7 | L7: ='Semana 8'!L7 | M7: ='Semana 8'!M7 | ... R7: ='Semana 8'!R7 | S7: =I7*J7+K7*L7+M7*N7+O7*P7+Q7*R7 -> 0
C8: ='Semana 8'!C8 | D8: ='Semana 8'!D8 | F8: ='Semana 8'!F8 | G8: ='Semana 8'!G8 | H8: ='Semana 8'!H8 | I8: ='Semana 8'!I8 | J8: ='Semana 8'!J8 | K8: ='Semana 8'!K8 | L8: ='Semana 8'!L8 | M8: ='Semana 8'!M8 | ... R8: ='Semana 8'!R8 | S8: =I8*J8+K8*L8+M8*N8+O8*P8+Q8*R8 -> 0
C9: ='Semana 8'!C9 | D9: ='Semana 8'!D9 | F9: ='Semana 8'!F9 | G9: ='Semana 8'!G9 | H9: ='Semana 8'!H9 | I9: ='Semana 8'!I9 | J9: ='Semana 8'!J9 | K9: ='Semana 8'!K9 | L9: ='Semana 8'!L9 | M9: ='Semana 8'!M9 | ... R9: ='Semana 8'!R9 | S9: =I9*J9+K9*L9+M9*N9+O9*P9+Q9*R9 -> 0
C10: ='Semana 8'!C10 | D10: ='Semana 8'!D10 | F10: ='Semana 8'!F10 | G10: ='Semana 8'!G10 | H10: ='Semana 8'!H10 | I10: ='Semana 8'!I10 | J10: ='Semana 8'!J10 | K10: ='Semana 8'!K10 | L10: ='Semana 8'!L10 | M10: ='Semana 8'!M10 | ... R10: ='Semana 8'!R10 | S10: =I10*J10+K10*L10+M10*N10+O10*P10+Q10*R10 -> 0
C11: ='Semana 8'!C11 | D11: ='Semana 8'!D11 | F11: ='Semana 8'!F11 | G11: ='Semana 8'!G11 | H11: ='Semana 8'!H11 | I11: ='Semana 8'!I11 | J11: ='Semana 8'!J11 | K11: ='Semana 8'!K11 | L11: ='Semana 8'!L11 | M11: ='Semana 8'!M11 | ... R11: ='Semana 8'!R11 | S11: =I11*J11+K11*L11+M11*N11+O11*P11+Q11*R11 -> 0
C12: ='Semana 8'!C12 | D12: ='Semana 8'!D12 | F12: ='Semana 8'!F12 | G12: ='Semana 8'!G12 | H12: ='Semana 8'!H12 | I12: ='Semana 8'!I12 | J12: ='Semana 8'!J12 | K12: ='Semana 8'!K12 | L12: ='Semana 8'!L12 | M12: ='Semana 8'!M12 | ... R12: ='Semana 8'!R12 | S12: =I12*J12+K12*L12+M12*N12+O12*P12+Q12*R12 -> 0
C13: ='Semana 8'!C13 | D13: ='Semana 8'!D13 | F13: ='Semana 8'!F13 | G13: ='Semana 8'!G13 | H13: ='Semana 8'!H13 | I13: ='Semana 8'!I13 | J13: ='Semana 8'!J13 | K13: ='Semana 8'!K13 | L13: ='Semana 8'!L13 | M13: ='Semana 8'!M13 | ... R13: ='Semana 8'!R13 | S13: =I13*J13+K13*L13+M13*N13+O13*P13+Q13*R13 -> 0
C14: ='Semana 8'!C14 | D14: ='Semana 8'!D14 | F14: ='Semana 8'!F14 | G14: ='Semana 8'!G14 | H14: ='Semana 8'!H14 | I14: ='Semana 8'!I14 | J14: ='Semana 8'!J14 | K14: ='Semana 8'!K14 | L14: ='Semana 8'!L14 | M14: ='Semana 8'!M14 | ... R14: ='Semana 8'!R14 | S14: =I14*J14+K14*L14+M14*N14+O14*P14+Q14*R14 -> 0
B15: Duración de la sesión | D15: DOMS | F15: GRUPO MUSCULAR | M15: PESAJE DEL DÍA | Q15: ESFUERZO GRAL.
B17: ='Semana 8'!B17 -> DÍA 2: ESTRUCTURA | F17: Series | G17: RIR/RPE | H17: Descanso | I17: Serie 1 | K17: Serie 2 | M17: Serie 3 | O17: Serie 4 | Q17: Serie 5 | S17: Tonelaje
B18: Notas del alumno | C18: Categoría de ejercicio | D18: Ejercicios | E18: Feedback Técnico | I18: Reps | J18: Kg | K18: Reps | L18: Kg | M18: Reps | N18: Kg | O18: Reps | P18: Kg | Q18: Reps | R18: Kg
C19: ='Semana 8'!C19 | D19: ='Semana 8'!D19 | F19: ='Semana 8'!F19 | G19: ='Semana 8'!G19 | H19: ='Semana 8'!H19 | I19: ='Semana 8'!I19 | J19: ='Semana 8'!J19 | K19: ='Semana 8'!K19 | L19: ='Semana 8'!L19 | M19: ='Semana 8'!M19 | ... R19: ='Semana 8'!R19 | S19: =I19*J19+K19*L19+M19*N19+O19*P19+Q19*R19 -> 0
C20: ='Semana 8'!C20 | D20: ='Semana 8'!D20 | F20: ='Semana 8'!F20 | G20: ='Semana 8'!G20 | H20: ='Semana 8'!H20 | I20: ='Semana 8'!I20 | J20: ='Semana 8'!J20 | K20: ='Semana 8'!K20 | L20: ='Semana 8'!L20 | M20: ='Semana 8'!M20 | ... R20: ='Semana 8'!R20 | S20: =I20*J20+K20*L20+M20*N20+O20*P20+Q20*R20 -> 0
C21: ='Semana 8'!C21 | D21: ='Semana 8'!D21 | F21: ='Semana 8'!F21 | G21: ='Semana 8'!G21 | H21: ='Semana 8'!H21 | I21: ='Semana 8'!I21 | J21: ='Semana 8'!J21 | K21: ='Semana 8'!K21 | L21: ='Semana 8'!L21 | M21: ='Semana 8'!M21 | ... R21: ='Semana 8'!R21 | S21: =I21*J21+K21*L21+M21*N21+O21*P21+Q21*R21 -> 0
C22: ='Semana 8'!C22 | D22: ='Semana 8'!D22 | F22: ='Semana 8'!F22 | G22: ='Semana 8'!G22 | H22: ='Semana 8'!H22 | I22: ='Semana 8'!I22 | J22: ='Semana 8'!J22 | K22: ='Semana 8'!K22 | L22: ='Semana 8'!L22 | M22: ='Semana 8'!M22 | ... R22: ='Semana 8'!R22 | S22: =I22*J22+K22*L22+M22*N22+O22*P22+Q22*R22 -> 0
C23: ='Semana 8'!C23 | D23: ='Semana 8'!D23 | F23: ='Semana 8'!F23 | G23: ='Semana 8'!G23 | H23: ='Semana 8'!H23 | I23: ='Semana 8'!I23 | J23: ='Semana 8'!J23 | K23: ='Semana 8'!K23 | L23: ='Semana 8'!L23 | M23: ='Semana 8'!M23 | ... R23: ='Semana 8'!R23 | S23: =I23*J23+K23*L23+M23*N23+O23*P23+Q23*R23 -> 0
C24: ='Semana 8'!C24 | D24: ='Semana 8'!D24 | F24: ='Semana 8'!F24 | G24: ='Semana 8'!G24 | H24: ='Semana 8'!H24 | I24: ='Semana 8'!I24 | J24: ='Semana 8'!J24 | K24: ='Semana 8'!K24 | L24: ='Semana 8'!L24 | M24: ='Semana 8'!M24 | ... R24: ='Semana 8'!R24 | S24: =I24*J24+K24*L24+M24*N24+O24*P24+Q24*R24 -> 0
C25: ='Semana 8'!C25 | D25: ='Semana 8'!D25 | F25: ='Semana 8'!F25 | G25: ='Semana 8'!G25 | H25: ='Semana 8'!H25 | I25: ='Semana 8'!I25 | J25: ='Semana 8'!J25 | K25: ='Semana 8'!K25 | L25: ='Semana 8'!L25 | M25: ='Semana 8'!M25 | ... R25: ='Semana 8'!R25 | S25: =I25*J25+K25*L25+M25*N25+O25*P25+Q25*R25 -> 0
C26: ='Semana 8'!C26 | D26: ='Semana 8'!D26 | F26: ='Semana 8'!F26 | G26: ='Semana 8'!G26 | H26: ='Semana 8'!H26 | I26: ='Semana 8'!I26 | J26: ='Semana 8'!J26 | K26: ='Semana 8'!K26 | L26: ='Semana 8'!L26 | M26: ='Semana 8'!M26 | ... R26: ='Semana 8'!R26 | S26: =I26*J26+K26*L26+M26*N26+O26*P26+Q26*R26 -> 0
B27: Duración de la sesión | D27: DOMS | F27: GRUPO MUSCULAR | M27: PESAJE DEL DÍA | Q27: ESFUERZO GRAL.
B29: ='Semana 8'!B29 -> DÍA 3: ESTRUCTURA | F29: Series | G29: RIR/RPE | H29: Descanso | I29: Serie 1 | K29: Serie 2 | M29: Serie 3 | O29: Serie 4 | Q29: Serie 5 | S29: Tonelaje
B30: Notas del alumno | C30: Categoría de ejercicio | D30: Ejercicios | E30: Feedback Técnico | I30: Reps | J30: Kg | K30: Reps | L30: Kg | M30: Reps | N30: Kg | O30: Reps | P30: Kg | Q30: Reps | R30: Kg
C31: ='Semana 8'!C31 | D31: ='Semana 8'!D31 | F31: ='Semana 8'!F31 | G31: ='Semana 8'!G31 | H31: ='Semana 8'!H31 | I31: ='Semana 8'!I31 | J31: ='Semana 8'!J31 | K31: ='Semana 8'!K31 | L31: ='Semana 8'!L31 | M31: ='Semana 8'!M31 | ... R31: ='Semana 8'!R31 | S31: =I31*J31+K31*L31+M31*N31+O31*P31+Q31*R31 -> 0
C32: ='Semana 8'!C32 | D32: ='Semana 8'!D32 | F32: ='Semana 8'!F32 | G32: ='Semana 8'!G32 | H32: ='Semana 8'!H32 | I32: ='Semana 8'!I32 | J32: ='Semana 8'!J32 | K32: ='Semana 8'!K32 | L32: ='Semana 8'!L32 | M32: ='Semana 8'!M32 | ... R32: ='Semana 8'!R32 | S32: =I32*J32+K32*L32+M32*N32+O32*P32+Q32*R32 -> 0
C33: ='Semana 8'!C33 | D33: ='Semana 8'!D33 | F33: ='Semana 8'!F33 | G33: ='Semana 8'!G33 | H33: ='Semana 8'!H33 | I33: ='Semana 8'!I33 | J33: ='Semana 8'!J33 | K33: ='Semana 8'!K33 | L33: ='Semana 8'!L33 | M33: ='Semana 8'!M33 | ... R33: ='Semana 8'!R33 | S33: =I33*J33+K33*L33+M33*N33+O33*P33+Q33*R33 -> 0
C34: ='Semana 8'!C34 | D34: ='Semana 8'!D34 | F34: ='Semana 8'!F34 | G34: ='Semana 8'!G34 | H34: ='Semana 8'!H34 | I34: ='Semana 8'!I34 | J34: ='Semana 8'!J34 | K34: ='Semana 8'!K34 | L34: ='Semana 8'!L34 | M34: ='Semana 8'!M34 | ... R34: ='Semana 8'!R34 | S34: =I34*J34+K34*L34+M34*N34+O34*P34+Q34*R34 -> 0
C35: ='Semana 8'!C35 | D35: ='Semana 8'!D35 | F35: ='Semana 8'!F35 | G35: ='Semana 8'!G35 | H35: ='Semana 8'!H35 | I35: ='Semana 8'!I35 | J35: ='Semana 8'!J35 | K35: ='Semana 8'!K35 | L35: ='Semana 8'!L35 | M35: ='Semana 8'!M35 | ... R35: ='Semana 8'!R35 | S35: =I35*J35+K35*L35+M35*N35+O35*P35+Q35*R35 -> 0
C36: ='Semana 8'!C36 | D36: ='Semana 8'!D36 | F36: ='Semana 8'!F36 | G36: ='Semana 8'!G36 | H36: ='Semana 8'!H36 | I36: ='Semana 8'!I36 | J36: ='Semana 8'!J36 | K36: ='Semana 8'!K36 | L36: ='Semana 8'!L36 | M36: ='Semana 8'!M36 | ... R36: ='Semana 8'!R36 | S36: =I36*J36+K36*L36+M36*N36+O36*P36+Q36*R36 -> 0
C37: ='Semana 8'!C37 | D37: ='Semana 8'!D37 | F37: ='Semana 8'!F37 | G37: ='Semana 8'!G37 | H37: ='Semana 8'!H37 | I37: ='Semana 8'!I37 | J37: ='Semana 8'!J37 | K37: ='Semana 8'!K37 | L37: ='Semana 8'!L37 | M37: ='Semana 8'!M37 | ... R37: ='Semana 8'!R37 | S37: =I37*J37+K37*L37+M37*N37+O37*P37+Q37*R37 -> 0
C38: ='Semana 8'!C38 | D38: ='Semana 8'!D38 | F38: ='Semana 8'!F38 | G38: ='Semana 8'!G38 | H38: ='Semana 8'!H38 | I38: ='Semana 8'!I38 | J38: ='Semana 8'!J38 | K38: ='Semana 8'!K38 | L38: ='Semana 8'!L38 | M38: ='Semana 8'!M38 | ... R38: ='Semana 8'!R38 | S38: =I38*J38+K38*L38+M38*N38+O38*P38+Q38*R38 -> 0
B39: Duración de la sesión | D39: DOMS | F39: GRUPO MUSCULAR | M39: PESAJE DEL DÍA | Q39: ESFUERZO GRAL.
B41: ='Semana 8'!B41 -> DÍA 4: ESTRUCTURA | F41: Series | G41: RIR/RPE | H41: Descanso | I41: Serie 1 | K41: Serie 2 | M41: Serie 3 | O41: Serie 4 | Q41: Serie 5 | S41: Tonelaje
B42: Notas del alumno | C42: Categoría de ejercicio | D42: Ejercicios | E42: Feedback Técnico | I42: Reps | J42: Kg | K42: Reps | L42: Kg | M42: Reps | N42: Kg | O42: Reps | P42: Kg | Q42: Reps | R42: Kg
C43: ='Semana 8'!C43 | D43: ='Semana 8'!D43 | F43: ='Semana 8'!F43 | G43: ='Semana 8'!G43 | H43: ='Semana 8'!H43 | I43: ='Semana 8'!I43 | J43: ='Semana 8'!J43 | K43: ='Semana 8'!K43 | L43: ='Semana 8'!L43 | M43: ='Semana 8'!M43 | ... R43: ='Semana 8'!R43 | S43: =I43*J43+K43*L43+M43*N43+O43*P43+Q43*R43 -> 0
C44: ='Semana 8'!C44 | D44: ='Semana 8'!D44 | F44: ='Semana 8'!F44 | G44: ='Semana 8'!G44 | H44: ='Semana 8'!H44 | I44: ='Semana 8'!I44 | J44: ='Semana 8'!J44 | K44: ='Semana 8'!K44 | L44: ='Semana 8'!L44 | M44: ='Semana 8'!M44 | ... R44: ='Semana 8'!R44 | S44: =I44*J44+K44*L44+M44*N44+O44*P44+Q44*R44 -> 0
C45: ='Semana 8'!C45 | D45: ='Semana 8'!D45 | F45: ='Semana 8'!F45 | G45: ='Semana 8'!G45 | H45: ='Semana 8'!H45 | I45: ='Semana 8'!I45 | J45: ='Semana 8'!J45 | K45: ='Semana 8'!K45 | L45: ='Semana 8'!L45 | M45: ='Semana 8'!M45 | ... R45: ='Semana 8'!R45 | S45: =I45*J45+K45*L45+M45*N45+O45*P45+Q45*R45 -> 0
C46: ='Semana 8'!C46 | D46: ='Semana 8'!D46 | F46: ='Semana 8'!F46 | G46: ='Semana 8'!G46 | H46: ='Semana 8'!H46 | I46: ='Semana 8'!I46 | J46: ='Semana 8'!J46 | K46: ='Semana 8'!K46 | L46: ='Semana 8'!L46 | M46: ='Semana 8'!M46 | ... R46: ='Semana 8'!R46 | S46: =I46*J46+K46*L46+M46*N46+O46*P46+Q46*R46 -> 0
C47: ='Semana 8'!C47 | D47: ='Semana 8'!D47 | F47: ='Semana 8'!F47 | G47: ='Semana 8'!G47 | H47: ='Semana 8'!H47 | I47: ='Semana 8'!I47 | J47: ='Semana 8'!J47 | K47: ='Semana 8'!K47 | L47: ='Semana 8'!L47 | M47: ='Semana 8'!M47 | ... R47: ='Semana 8'!R47 | S47: =I47*J47+K47*L47+M47*N47+O47*P47+Q47*R47 -> 0
C48: ='Semana 8'!C48 | D48: ='Semana 8'!D48 | F48: ='Semana 8'!F48 | G48: ='Semana 8'!G48 | H48: ='Semana 8'!H48 | I48: ='Semana 8'!I48 | J48: ='Semana 8'!J48 | K48: ='Semana 8'!K48 | L48: ='Semana 8'!L48 | M48: ='Semana 8'!M48 | ... R48: ='Semana 8'!R48 | S48: =I48*J48+K48*L48+M48*N48+O48*P48+Q48*R48 -> 0
C49: ='Semana 8'!C49 | D49: ='Semana 8'!D49 | F49: ='Semana 8'!F49 | G49: ='Semana 8'!G49 | H49: ='Semana 8'!H49 | I49: ='Semana 8'!I49 | J49: ='Semana 8'!J49 | K49: ='Semana 8'!K49 | L49: ='Semana 8'!L49 | M49: ='Semana 8'!M49 | ... R49: ='Semana 8'!R49 | S49: =I49*J49+K49*L49+M49*N49+O49*P49+Q49*R49 -> 0
C50: ='Semana 8'!C50 | D50: ='Semana 8'!D50 | F50: ='Semana 8'!F50 | G50: ='Semana 8'!G50 | H50: ='Semana 8'!H50 | I50: ='Semana 8'!I50 | J50: ='Semana 8'!J50 | K50: ='Semana 8'!K50 | L50: ='Semana 8'!L50 | M50: ='Semana 8'!M50 | ... R50: ='Semana 8'!R50 | S50: =I50*J50+K50*L50+M50*N50+O50*P50+Q50*R50 -> 0
B51: Duración de la sesión | D51: DOMS | F51: GRUPO MUSCULAR | M51: PESAJE DEL DÍA | Q51: ESFUERZO GRAL.
B53: ='Semana 8'!B53 -> DÍA 5: ESTRUCTURA | F53: Series | G53: RIR/RPE | H53: Descanso | I53: Serie 1 | K53: Serie 2 | M53: Serie 3 | O53: Serie 4 | Q53: Serie 5 | S53: Tonelaje
B54: Notas del alumno | C54: Categoría de ejercicio | D54: Ejercicios | E54: Feedback Técnico | I54: Reps | J54: Kg | K54: Reps | L54: Kg | M54: Reps | N54: Kg | O54: Reps | P54: Kg | Q54: Reps | R54: Kg
C55: ='Semana 8'!C55 | D55: ='Semana 8'!D55 | F55: ='Semana 8'!F55 | G55: ='Semana 8'!G55 | H55: ='Semana 8'!H55 | I55: ='Semana 8'!I55 | J55: ='Semana 8'!J55 | K55: ='Semana 8'!K55 | L55: ='Semana 8'!L55 | M55: ='Semana 8'!M55 | ... R55: ='Semana 8'!R55 | S55: =I55*J55+K55*L55+M55*N55+O55*P55+Q55*R55 -> 0
C56: ='Semana 8'!C56 | D56: ='Semana 8'!D56 | F56: ='Semana 8'!F56 | G56: ='Semana 8'!G56 | H56: ='Semana 8'!H56 | I56: ='Semana 8'!I56 | J56: ='Semana 8'!J56 | K56: ='Semana 8'!K56 | L56: ='Semana 8'!L56 | M56: ='Semana 8'!M56 | ... R56: ='Semana 8'!R56 | S56: =I56*J56+K56*L56+M56*N56+O56*P56+Q56*R56 -> 0
C57: ='Semana 8'!C57 | D57: ='Semana 8'!D57 | F57: ='Semana 8'!F57 | G57: ='Semana 8'!G57 | H57: ='Semana 8'!H57 | I57: ='Semana 8'!I57 | J57: ='Semana 8'!J57 | K57: ='Semana 8'!K57 | L57: ='Semana 8'!L57 | M57: ='Semana 8'!M57 | ... R57: ='Semana 8'!R57 | S57: =I57*J57+K57*L57+M57*N57+O57*P57+Q57*R57 -> 0
C58: ='Semana 8'!C58 | D58: ='Semana 8'!D58 | F58: ='Semana 8'!F58 | G58: ='Semana 8'!G58 | H58: ='Semana 8'!H58 | I58: ='Semana 8'!I58 | J58: ='Semana 8'!J58 | K58: ='Semana 8'!K58 | L58: ='Semana 8'!L58 | M58: ='Semana 8'!M58 | ... R58: ='Semana 8'!R58 | S58: =I58*J58+K58*L58+M58*N58+O58*P58+Q58*R58 -> 0
C59: ='Semana 8'!C59 | D59: ='Semana 8'!D59 | F59: ='Semana 8'!F59 | G59: ='Semana 8'!G59 | H59: ='Semana 8'!H59 | I59: ='Semana 8'!I59 | J59: ='Semana 8'!J59 | K59: ='Semana 8'!K59 | L59: ='Semana 8'!L59 | M59: ='Semana 8'!M59 | ... R59: ='Semana 8'!R59 | S59: =I59*J59+K59*L59+M59*N59+O59*P59+Q59*R59 -> 0
C60: ='Semana 8'!C60 | D60: ='Semana 8'!D60 | F60: ='Semana 8'!F60 | G60: ='Semana 8'!G60 | H60: ='Semana 8'!H60 | I60: ='Semana 8'!I60 | J60: ='Semana 8'!J60 | K60: ='Semana 8'!K60 | L60: ='Semana 8'!L60 | M60: ='Semana 8'!M60 | ... R60: ='Semana 8'!R60 | S60: =I60*J60+K60*L60+M60*N60+O60*P60+Q60*R60 -> 0
C61: ='Semana 8'!C61 | D61: ='Semana 8'!D61 | F61: ='Semana 8'!F61 | G61: ='Semana 8'!G61 | H61: ='Semana 8'!H61 | I61: ='Semana 8'!I61 | J61: ='Semana 8'!J61 | K61: ='Semana 8'!K61 | L61: ='Semana 8'!L61 | M61: ='Semana 8'!M61 | ... R61: ='Semana 8'!R61 | S61: =I61*J61+K61*L61+M61*N61+O61*P61+Q61*R61 -> 0
C62: ='Semana 8'!C62 | D62: ='Semana 8'!D62 | F62: ='Semana 8'!F62 | G62: ='Semana 8'!G62 | H62: ='Semana 8'!H62 | I62: ='Semana 8'!I62 | J62: ='Semana 8'!J62 | K62: ='Semana 8'!K62 | L62: ='Semana 8'!L62 | M62: ='Semana 8'!M62 | ... R62: ='Semana 8'!R62 | S62: =I62*J62+K62*L62+M62*N62+O62*P62+Q62*R62 -> 0
B63: Duración de la sesión | D63: DOMS | F63: GRUPO MUSCULAR | M63: PESAJE DEL DÍA | Q63: ESFUERZO GRAL.
B65: ='Semana 8'!B65 -> DÍA 6: ESTRUCTURA | F65: Series | G65: RIR/RPE | H65: Descanso | I65: Serie 1 | K65: Serie 2 | M65: Serie 3 | O65: Serie 4 | Q65: Serie 5 | S65: Tonelaje
B66: Notas del alumno | C66: Categoría de ejercicio | D66: Ejercicios | E66: Feedback Técnico | I66: Reps | J66: Kg | K66: Reps | L66: Kg | M66: Reps | N66: Kg | O66: Reps | P66: Kg | Q66: Reps | R66: Kg
C67: ='Semana 8'!C67 | D67: ='Semana 8'!D67 | F67: ='Semana 8'!F67 | G67: ='Semana 8'!G67 | H67: ='Semana 8'!H67 | I67: ='Semana 8'!I67 | J67: ='Semana 8'!J67 | K67: ='Semana 8'!K67 | L67: ='Semana 8'!L67 | M67: ='Semana 8'!M67 | ... R67: ='Semana 8'!R67 | S67: =I67*J67+K67*L67+M67*N67+O67*P67+Q67*R67 -> 0
C68: ='Semana 8'!C68 | D68: ='Semana 8'!D68 | F68: ='Semana 8'!F68 | G68: ='Semana 8'!G68 | H68: ='Semana 8'!H68 | I68: ='Semana 8'!I68 | J68: ='Semana 8'!J68 | K68: ='Semana 8'!K68 | L68: ='Semana 8'!L68 | M68: ='Semana 8'!M68 | ... R68: ='Semana 8'!R68 | S68: =I68*J68+K68*L68+M68*N68+O68*P68+Q68*R68 -> 0
C69: ='Semana 8'!C69 | D69: ='Semana 8'!D69 | F69: ='Semana 8'!F69 | G69: ='Semana 8'!G69 | H69: ='Semana 8'!H69 | I69: ='Semana 8'!I69 | J69: ='Semana 8'!J69 | K69: ='Semana 8'!K69 | L69: ='Semana 8'!L69 | M69: ='Semana 8'!M69 | ... R69: ='Semana 8'!R69 | S69: =I69*J69+K69*L69+M69*N69+O69*P69+Q69*R69 -> 0
C70: ='Semana 8'!C70 | D70: ='Semana 8'!D70 | F70: ='Semana 8'!F70 | G70: ='Semana 8'!G70 | H70: ='Semana 8'!H70 | I70: ='Semana 8'!I70 | J70: ='Semana 8'!J70 | K70: ='Semana 8'!K70 | L70: ='Semana 8'!L70 | M70: ='Semana 8'!M70 | ... R70: ='Semana 8'!R70 | S70: =I70*J70+K70*L70+M70*N70+O70*P70+Q70*R70 -> 0
C71: ='Semana 8'!C71 | D71: ='Semana 8'!D71 | F71: ='Semana 8'!F71 | G71: ='Semana 8'!G71 | H71: ='Semana 8'!H71 | I71: ='Semana 8'!I71 | J71: ='Semana 8'!J71 | K71: ='Semana 8'!K71 | L71: ='Semana 8'!L71 | M71: ='Semana 8'!M71 | ... R71: ='Semana 8'!R71 | S71: =I71*J71+K71*L71+M71*N71+O71*P71+Q71*R71 -> 0
C72: ='Semana 8'!C72 | D72: ='Semana 8'!D72 | F72: ='Semana 8'!F72 | G72: ='Semana 8'!G72 | H72: ='Semana 8'!H72 | I72: ='Semana 8'!I72 | J72: ='Semana 8'!J72 | K72: ='Semana 8'!K72 | L72: ='Semana 8'!L72 | M72: ='Semana 8'!M72 | ... R72: ='Semana 8'!R72 | S72: =I72*J72+K72*L72+M72*N72+O72*P72+Q72*R72 -> 0
C73: ='Semana 8'!C73 | D73: ='Semana 8'!D73 | F73: ='Semana 8'!F73 | G73: ='Semana 8'!G73 | H73: ='Semana 8'!H73 | I73: ='Semana 8'!I73 | J73: ='Semana 8'!J73 | K73: ='Semana 8'!K73 | L73: ='Semana 8'!L73 | M73: ='Semana 8'!M73 | ... R73: ='Semana 8'!R73 | S73: =I73*J73+K73*L73+M73*N73+O73*P73+Q73*R73 -> 0
C74: ='Semana 8'!C74 | D74: ='Semana 8'!D74 | F74: ='Semana 8'!F74 | G74: ='Semana 8'!G74 | H74: ='Semana 8'!H74 | I74: ='Semana 8'!I74 | J74: ='Semana 8'!J74 | K74: ='Semana 8'!K74 | L74: ='Semana 8'!L74 | M74: ='Semana 8'!M74 | ... R74: ='Semana 8'!R74 | S74: =I74*J74+K74*L74+M74*N74+O74*P74+Q74*R74 -> 0
B75: Duración de la sesión | D75: DOMS | F75: GRUPO MUSCULAR | M75: PESAJE DEL DÍA | Q75: ESFUERZO GRAL.
M78: PESO PROMEDIO SEMANA | P78: =IFERROR(AVERAGE(O15,O27,O39,O51,O63,O75),"0,0 KG") -> 0,0 KG

Sheet Semana 10
C2: Entrenador/a | D2: ='Semana 1'!D2 -> Tu nombre y apellido | F2: Fecha de hoy | I2: =TODAY() -> 46305 | P2: Semanas trascurridas
C3: Nombre del alumno | D3: ='Semana 1'!D3 -> El nombre y apellido del alumno | F3: Fecha de inicio | I3: ='Semana 1'!I3 -> 45901 | P3: ='Semana 1'!P3 -> 57
B5: ='Semana 9'!B5 -> DÍA 1: ESTRUCTURA | F5: Series | G5: RIR/RPE | H5: Descanso | I5: Serie 1 | K5: Serie 2 | M5: Serie 3 | O5: Serie 4 | Q5: Serie 5 | S5: Tonelaje
B6: Notas del alumno | C6: Categoría de ejercicio | D6: Ejercicios | E6: Feedback Técnico | I6: Reps | J6: Kg | K6: Reps | L6: Kg | M6: Reps | N6: Kg | O6: Reps | P6: Kg | Q6: Reps | R6: Kg
C7: ='Semana 9'!C7 | D7: ='Semana 9'!D7 | F7: ='Semana 9'!F7 | G7: ='Semana 9'!G7 | H7: ='Semana 9'!H7 | I7: ='Semana 9'!I7 | J7: ='Semana 9'!J7 | K7: ='Semana 9'!K7 | L7: ='Semana 9'!L7 | M7: ='Semana 9'!M7 | ... R7: ='Semana 9'!R7 | S7: =I7*J7+K7*L7+M7*N7+O7*P7+Q7*R7 -> 0
C8: ='Semana 9'!C8 | D8: ='Semana 9'!D8 | F8: ='Semana 9'!F8 | G8: ='Semana 9'!G8 | H8: ='Semana 9'!H8 | I8: ='Semana 9'!I8 | J8: ='Semana 9'!J8 | K8: ='Semana 9'!K8 | L8: ='Semana 9'!L8 | M8: ='Semana 9'!M8 | ... R8: ='Semana 9'!R8 | S8: =I8*J8+K8*L8+M8*N8+O8*P8+Q8*R8 -> 0
C9: ='Semana 9'!C9 | D9: ='Semana 9'!D9 | F9: ='Semana 9'!F9 | G9: ='Semana 9'!G9 | H9: ='Semana 9'!H9 | I9: ='Semana 9'!I9 | J9: ='Semana 9'!J9 | K9: ='Semana 9'!K9 | L9: ='Semana 9'!L9 | M9: ='Semana 9'!M9 | ... R9: ='Semana 9'!R9 | S9: =I9*J9+K9*L9+M9*N9+O9*P9+Q9*R9 -> 0
C10: ='Semana 9'!C10 | D10: ='Semana 9'!D10 | F10: ='Semana 9'!F10 | G10: ='Semana 9'!G10 | H10: ='Semana 9'!H10 | I10: ='Semana 9'!I10 | J10: ='Semana 9'!J10 | K10: ='Semana 9'!K10 | L10: ='Semana 9'!L10 | M10: ='Semana 9'!M10 | ... R10: ='Semana 9'!R10 | S10: =I10*J10+K10*L10+M10*N10+O10*P10+Q10*R10 -> 0
C11: ='Semana 9'!C11 | D11: ='Semana 9'!D11 | F11: ='Semana 9'!F11 | G11: ='Semana 9'!G11 | H11: ='Semana 9'!H11 | I11: ='Semana 9'!I11 | J11: ='Semana 9'!J11 | K11: ='Semana 9'!K11 | L11: ='Semana 9'!L11 | M11: ='Semana 9'!M11 | ... R11: ='Semana 9'!R11 | S11: =I11*J11+K11*L11+M11*N11+O11*P11+Q11*R11 -> 0
C12: ='Semana 9'!C12 | D12: ='Semana 9'!D12 | F12: ='Semana 9'!F12 | G12: ='Semana 9'!G12 | H12: ='Semana 9'!H12 | I12: ='Semana 9'!I12 | J12: ='Semana 9'!J12 | K12: ='Semana 9'!K12 | L12: ='Semana 9'!L12 | M12: ='Semana 9'!M12 | ... R12: ='Semana 9'!R12 | S12: =I12*J12+K12*L12+M12*N12+O12*P12+Q12*R12 -> 0
C13: ='Semana 9'!C13 | D13: ='Semana 9'!D13 | F13: ='Semana 9'!F13 | G13: ='Semana 9'!G13 | H13: ='Semana 9'!H13 | I13: ='Semana 9'!I13 | J13: ='Semana 9'!J13 | K13: ='Semana 9'!K13 | L13: ='Semana 9'!L13 | M13: ='Semana 9'!M13 | ... R13: ='Semana 9'!R13 | S13: =I13*J13+K13*L13+M13*N13+O13*P13+Q13*R13 -> 0
C14: ='Semana 9'!C14 | D14: ='Semana 9'!D14 | F14: ='Semana 9'!F14 | G14: ='Semana 9'!G14 | H14: ='Semana 9'!H14 | I14: ='Semana 9'!I14 | J14: ='Semana 9'!J14 | K14: ='Semana 9'!K14 | L14: ='Semana 9'!L14 | M14: ='Semana 9'!M14 | ... R14: ='Semana 9'!R14 | S14: =I14*J14+K14*L14+M14*N14+O14*P14+Q14*R14 -> 0
B15: Duración de la sesión | D15: DOMS | F15: GRUPO MUSCULAR | M15: PESAJE DEL DÍA | Q15: ESFUERZO GRAL.
B17: ='Semana 9'!B17 -> DÍA 2: ESTRUCTURA | F17: Series | G17: RIR/RPE | H17: Descanso | I17: Serie 1 | K17: Serie 2 | M17: Serie 3 | O17: Serie 4 | Q17: Serie 5 | S17: Tonelaje
B18: Notas del alumno | C18: Categoría de ejercicio | D18: Ejercicios | E18: Feedback Técnico | I18: Reps | J18: Kg | K18: Reps | L18: Kg | M18: Reps | N18: Kg | O18: Reps | P18: Kg | Q18: Reps | R18: Kg
C19: ='Semana 9'!C19 | D19: ='Semana 9'!D19 | F19: ='Semana 9'!F19 | G19: ='Semana 9'!G19 | H19: ='Semana 9'!H19 | I19: ='Semana 9'!I19 | J19: ='Semana 9'!J19 | K19: ='Semana 9'!K19 | L19: ='Semana 9'!L19 | M19: ='Semana 9'!M19 | ... R19: ='Semana 9'!R19 | S19: =I19*J19+K19*L19+M19*N19+O19*P19+Q19*R19 -> 0
C20: ='Semana 9'!C20 | D20: ='Semana 9'!D20 | F20: ='Semana 9'!F20 | G20: ='Semana 9'!G20 | H20: ='Semana 9'!H20 | I20: ='Semana 9'!I20 | J20: ='Semana 9'!J20 | K20: ='Semana 9'!K20 | L20: ='Semana 9'!L20 | M20: ='Semana 9'!M20 | ... R20: ='Semana 9'!R20 | S20: =I20*J20+K20*L20+M20*N20+O20*P20+Q20*R20 -> 0
C21: ='Semana 9'!C21 | D21: ='Semana 9'!D21 | F21: ='Semana 9'!F21 | G21: ='Semana 9'!G21 | H21: ='Semana 9'!H21 | I21: ='Semana 9'!I21 | J21: ='Semana 9'!J21 | K21: ='Semana 9'!K21 | L21: ='Semana 9'!L21 | M21: ='Semana 9'!M21 | ... R21: ='Semana 9'!R21 | S21: =I21*J21+K21*L21+M21*N21+O21*P21+Q21*R21 -> 0
C22: ='Semana 9'!C22 | D22: ='Semana 9'!D22 | F22: ='Semana 9'!F22 | G22: ='Semana 9'!G22 | H22: ='Semana 9'!H22 | I22: ='Semana 9'!I22 | J22: ='Semana 9'!J22 | K22: ='Semana 9'!K22 | L22: ='Semana 9'!L22 | M22: ='Semana 9'!M22 | ... R22: ='Semana 9'!R22 | S22: =I22*J22+K22*L22+M22*N22+O22*P22+Q22*R22 -> 0
C23: ='Semana 9'!C23 | D23: ='Semana 9'!D23 | F23: ='Semana 9'!F23 | G23: ='Semana 9'!G23 | H23: ='Semana 9'!H23 | I23: ='Semana 9'!I23 | J23: ='Semana 9'!J23 | K23: ='Semana 9'!K23 | L23: ='Semana 9'!L23 | M23: ='Semana 9'!M23 | ... R23: ='Semana 9'!R23 | S23: =I23*J23+K23*L23+M23*N23+O23*P23+Q23*R23 -> 0
C24: ='Semana 9'!C24 | D24: ='Semana 9'!D24 | F24: ='Semana 9'!F24 | G24: ='Semana 9'!G24 | H24: ='Semana 9'!H24 | I24: ='Semana 9'!I24 | J24: ='Semana 9'!J24 | K24: ='Semana 9'!K24 | L24: ='Semana 9'!L24 | M24: ='Semana 9'!M24 | ... R24: ='Semana 9'!R24 | S24: =I24*J24+K24*L24+M24*N24+O24*P24+Q24*R24 -> 0
C25: ='Semana 9'!C25 | D25: ='Semana 9'!D25 | F25: ='Semana 9'!F25 | G25: ='Semana 9'!G25 | H25: ='Semana 9'!H25 | I25: ='Semana 9'!I25 | J25: ='Semana 9'!J25 | K25: ='Semana 9'!K25 | L25: ='Semana 9'!L25 | M25: ='Semana 9'!M25 | ... R25: ='Semana 9'!R25 | S25: =I25*J25+K25*L25+M25*N25+O25*P25+Q25*R25 -> 0
C26: ='Semana 9'!C26 | D26: ='Semana 9'!D26 | F26: ='Semana 9'!F26 | G26: ='Semana 9'!G26 | H26: ='Semana 9'!H26 | I26: ='Semana 9'!I26 | J26: ='Semana 9'!J26 | K26: ='Semana 9'!K26 | L26: ='Semana 9'!L26 | M26: ='Semana 9'!M26 | ... R26: ='Semana 9'!R26 | S26: =I26*J26+K26*L26+M26*N26+O26*P26+Q26*R26 -> 0
B27: Duración de la sesión | D27: DOMS | F27: GRUPO MUSCULAR | M27: PESAJE DEL DÍA | Q27: ESFUERZO GRAL.
B29: ='Semana 9'!B29 -> DÍA 3: ESTRUCTURA | F29: Series | G29: RIR/RPE | H29: Descanso | I29: Serie 1 | K29: Serie 2 | M29: Serie 3 | O29: Serie 4 | Q29: Serie 5 | S29: Tonelaje
B30: Notas del alumno | C30: Categoría de ejercicio | D30: Ejercicios | E30: Feedback Técnico | I30: Reps | J30: Kg | K30: Reps | L30: Kg | M30: Reps | N30: Kg | O30: Reps | P30: Kg | Q30: Reps | R30: Kg
C31: ='Semana 9'!C31 | D31: ='Semana 9'!D31 | F31: ='Semana 9'!F31 | G31: ='Semana 9'!G31 | H31: ='Semana 9'!H31 | I31: ='Semana 9'!I31 | J31: ='Semana 9'!J31 | K31: ='Semana 9'!K31 | L31: ='Semana 9'!L31 | M31: ='Semana 9'!M31 | ... R31: ='Semana 9'!R31 | S31: =I31*J31+K31*L31+M31*N31+O31*P31+Q31*R31 -> 0
C32: ='Semana 9'!C32 | D32: ='Semana 9'!D32 | F32: ='Semana 9'!F32 | G32: ='Semana 9'!G32 | H32: ='Semana 9'!H32 | I32: ='Semana 9'!I32 | J32: ='Semana 9'!J32 | K32: ='Semana 9'!K32 | L32: ='Semana 9'!L32 | M32: ='Semana 9'!M32 | ... R32: ='Semana 9'!R32 | S32: =I32*J32+K32*L32+M32*N32+O32*P32+Q32*R32 -> 0
C33: ='Semana 9'!C33 | D33: ='Semana 9'!D33 | F33: ='Semana 9'!F33 | G33: ='Semana 9'!G33 | H33: ='Semana 9'!H33 | I33: ='Semana 9'!I33 | J33: ='Semana 9'!J33 | K33: ='Semana 9'!K33 | L33: ='Semana 9'!L33 | M33: ='Semana 9'!M33 | ... R33: ='Semana 9'!R33 | S33: =I33*J33+K33*L33+M33*N33+O33*P33+Q33*R33 -> 0
C34: ='Semana 9'!C34 | D34: ='Semana 9'!D34 | F34: ='Semana 9'!F34 | G34: ='Semana 9'!G34 | H34: ='Semana 9'!H34 | I34: ='Semana 9'!I34 | J34: ='Semana 9'!J34 | K34: ='Semana 9'!K34 | L34: ='Semana 9'!L34 | M34: ='Semana 9'!M34 | ... R34: ='Semana 9'!R34 | S34: =I34*J34+K34*L34+M34*N34+O34*P34+Q34*R34 -> 0
C35: ='Semana 9'!C35 | D35: ='Semana 9'!D35 | F35: ='Semana 9'!F35 | G35: ='Semana 9'!G35 | H35: ='Semana 9'!H35 | I35: ='Semana 9'!I35 | J35: ='Semana 9'!J35 | K35: ='Semana 9'!K35 | L35: ='Semana 9'!L35 | M35: ='Semana 9'!M35 | ... R35: ='Semana 9'!R35 | S35: =I35*J35+K35*L35+M35*N35+O35*P35+Q35*R35 -> 0
C36: ='Semana 9'!C36 | D36: ='Semana 9'!D36 | F36: ='Semana 9'!F36 | G36: ='Semana 9'!G36 | H36: ='Semana 9'!H36 | I36: ='Semana 9'!I36 | J36: ='Semana 9'!J36 | K36: ='Semana 9'!K36 | L36: ='Semana 9'!L36 | M36: ='Semana 9'!M36 | ... R36: ='Semana 9'!R36 | S36: =I36*J36+K36*L36+M36*N36+O36*P36+Q36*R36 -> 0
C37: ='Semana 9'!C37 | D37: ='Semana 9'!D37 | F37: ='Semana 9'!F37 | G37: ='Semana 9'!G37 | H37: ='Semana 9'!H37 | I37: ='Semana 9'!I37 | J37: ='Semana 9'!J37 | K37: ='Semana 9'!K37 | L37: ='Semana 9'!L37 | M37: ='Semana 9'!M37 | ... R37: ='Semana 9'!R37 | S37: =I37*J37+K37*L37+M37*N37+O37*P37+Q37*R37 -> 0
C38: ='Semana 9'!C38 | D38: ='Semana 9'!D38 | F38: ='Semana 9'!F38 | G38: ='Semana 9'!G38 | H38: ='Semana 9'!H38 | I38: ='Semana 9'!I38 | J38: ='Semana 9'!J38 | K38: ='Semana 9'!K38 | L38: ='Semana 9'!L38 | M38: ='Semana 9'!M38 | ... R38: ='Semana 9'!R38 | S38: =I38*J38+K38*L38+M38*N38+O38*P38+Q38*R38 -> 0
B39: Duración de la sesión | D39: DOMS | F39: GRUPO MUSCULAR | M39: PESAJE DEL DÍA | Q39: ESFUERZO GRAL.
B41: ='Semana 9'!B41 -> DÍA 4: ESTRUCTURA | F41: Series | G41: RIR/RPE | H41: Descanso | I41: Serie 1 | K41: Serie 2 | M41: Serie 3 | O41: Serie 4 | Q41: Serie 5 | S41: Tonelaje
B42: Notas del alumno | C42: Categoría de ejercicio | D42: Ejercicios | E42: Feedback Técnico | I42: Reps | J42: Kg | K42: Reps | L42: Kg | M42: Reps | N42: Kg | O42: Reps | P42: Kg | Q42: Reps | R42: Kg
C43: ='Semana 9'!C43 | D43: ='Semana 9'!D43 | F43: ='Semana 9'!F43 | G43: ='Semana 9'!G43 | H43: ='Semana 9'!H43 | I43: ='Semana 9'!I43 | J43: ='Semana 9'!J43 | K43: ='Semana 9'!K43 | L43: ='Semana 9'!L43 | M43: ='Semana 9'!M43 | ... R43: ='Semana 9'!R43 | S43: =I43*J43+K43*L43+M43*N43+O43*P43+Q43*R43 -> 0
C44: ='Semana 9'!C44 | D44: ='Semana 9'!D44 | F44: ='Semana 9'!F44 | G44: ='Semana 9'!G44 | H44: ='Semana 9'!H44 | I44: ='Semana 9'!I44 | J44: ='Semana 9'!J44 | K44: ='Semana 9'!K44 | L44: ='Semana 9'!L44 | M44: ='Semana 9'!M44 | ... R44: ='Semana 9'!R44 | S44: =I44*J44+K44*L44+M44*N44+O44*P44+Q44*R44 -> 0
C45: ='Semana 9'!C45 | D45: ='Semana 9'!D45 | F45: ='Semana 9'!F45 | G45: ='Semana 9'!G45 | H45: ='Semana 9'!H45 | I45: ='Semana 9'!I45 | J45: ='Semana 9'!J45 | K45: ='Semana 9'!K45 | L45: ='Semana 9'!L45 | M45: ='Semana 9'!M45 | ... R45: ='Semana 9'!R45 | S45: =I45*J45+K45*L45+M45*N45+O45*P45+Q45*R45 -> 0
C46: ='Semana 9'!C46 | D46: ='Semana 9'!D46 | F46: ='Semana 9'!F46 | G46: ='Semana 9'!G46 | H46: ='Semana 9'!H46 | I46: ='Semana 9'!I46 | J46: ='Semana 9'!J46 | K46: ='Semana 9'!K46 | L46: ='Semana 9'!L46 | M46: ='Semana 9'!M46 | ... R46: ='Semana 9'!R46 | S46: =I46*J46+K46*L46+M46*N46+O46*P46+Q46*R46 -> 0
C47: ='Semana 9'!C47 | D47: ='Semana 9'!D47 | F47: ='Semana 9'!F47 | G47: ='Semana 9'!G47 | H47: ='Semana 9'!H47 | I47: ='Semana 9'!I47 | J47: ='Semana 9'!J47 | K47: ='Semana 9'!K47 | L47: ='Semana 9'!L47 | M47: ='Semana 9'!M47 | ... R47: ='Semana 9'!R47 | S47: =I47*J47+K47*L47+M47*N47+O47*P47+Q47*R47 -> 0
C48: ='Semana 9'!C48 | D48: ='Semana 9'!D48 | F48: ='Semana 9'!F48 | G48: ='Semana 9'!G48 | H48: ='Semana 9'!H48 | I48: ='Semana 9'!I48 | J48: ='Semana 9'!J48 | K48: ='Semana 9'!K48 | L48: ='Semana 9'!L48 | M48: ='Semana 9'!M48 | ... R48: ='Semana 9'!R48 | S48: =I48*J48+K48*L48+M48*N48+O48*P48+Q48*R48 -> 0
C49: ='Semana 9'!C49 | D49: ='Semana 9'!D49 | F49: ='Semana 9'!F49 | G49: ='Semana 9'!G49 | H49: ='Semana 9'!H49 | I49: ='Semana 9'!I49 | J49: ='Semana 9'!J49 | K49: ='Semana 9'!K49 | L49: ='Semana 9'!L49 | M49: ='Semana 9'!M49 | ... R49: ='Semana 9'!R49 | S49: =I49*J49+K49*L49+M49*N49+O49*P49+Q49*R49 -> 0
C50: ='Semana 9'!C50 | D50: ='Semana 9'!D50 | F50: ='Semana 9'!F50 | G50: ='Semana 9'!G50 | H50: ='Semana 9'!H50 | I50: ='Semana 9'!I50 | J50: ='Semana 9'!J50 | K50: ='Semana 9'!K50 | L50: ='Semana 9'!L50 | M50: ='Semana 9'!M50 | ... R50: ='Semana 9'!R50 | S50: =I50*J50+K50*L50+M50*N50+O50*P50+Q50*R50 -> 0
B51: Duración de la sesión | D51: DOMS | F51: GRUPO MUSCULAR | M51: PESAJE DEL DÍA | Q51: ESFUERZO GRAL.
B53: ='Semana 9'!B53 -> DÍA 5: ESTRUCTURA | F53: Series | G53: RIR/RPE | H53: Descanso | I53: Serie 1 | K53: Serie 2 | M53: Serie 3 | O53: Serie 4 | Q53: Serie 5 | S53: Tonelaje
B54: Notas del alumno | C54: Categoría de ejercicio | D54: Ejercicios | E54: Feedback Técnico | I54: Reps | J54: Kg | K54: Reps | L54: Kg | M54: Reps | N54: Kg | O54: Reps | P54: Kg | Q54: Reps | R54: Kg
C55: ='Semana 9'!C55 | D55: ='Semana 9'!D55 | F55: ='Semana 9'!F55 | G55: ='Semana 9'!G55 | H55: ='Semana 9'!H55 | I55: ='Semana 9'!I55 | J55: ='Semana 9'!J55 | K55: ='Semana 9'!K55 | L55: ='Semana 9'!L55 | M55: ='Semana 9'!M55 | ... R55: ='Semana 9'!R55 | S55: =I55*J55+K55*L55+M55*N55+O55*P55+Q55*R55 -> 0
C56: ='Semana 9'!C56 | D56: ='Semana 9'!D56 | F56: ='Semana 9'!F56 | G56: ='Semana 9'!G56 | H56: ='Semana 9'!H56 | I56: ='Semana 9'!I56 | J56: ='Semana 9'!J56 | K56: ='Semana 9'!K56 | L56: ='Semana 9'!L56 | M56: ='Semana 9'!M56 | ... R56: ='Semana 9'!R56 | S56: =I56*J56+K56*L56+M56*N56+O56*P56+Q56*R56 -> 0
C57: ='Semana 9'!C57 | D57: ='Semana 9'!D57 | F57: ='Semana 9'!F57 | G57: ='Semana 9'!G57 | H57: ='Semana 9'!H57 | I57: ='Semana 9'!I57 | J57: ='Semana 9'!J57 | K57: ='Semana 9'!K57 | L57: ='Semana 9'!L57 | M57: ='Semana 9'!M57 | ... R57: ='Semana 9'!R57 | S57: =I57*J57+K57*L57+M57*N57+O57*P57+Q57*R57 -> 0
C58: ='Semana 9'!C58 | D58: ='Semana 9'!D58 | F58: ='Semana 9'!F58 | G58: ='Semana 9'!G58 | H58: ='Semana 9'!H58 | I58: ='Semana 9'!I58 | J58: ='Semana 9'!J58 | K58: ='Semana 9'!K58 | L58: ='Semana 9'!L58 | M58: ='Semana 9'!M58 | ... R58: ='Semana 9'!R58 | S58: =I58*J58+K58*L58+M58*N58+O58*P58+Q58*R58 -> 0
C59: ='Semana 9'!C59 | D59: ='Semana 9'!D59 | F59: ='Semana 9'!F59 | G59: ='Semana 9'!G59 | H59: ='Semana 9'!H59 | I59: ='Semana 9'!I59 | J59: ='Semana 9'!J59 | K59: ='Semana 9'!K59 | L59: ='Semana 9'!L59 | M59: ='Semana 9'!M59 | ... R59: ='Semana 9'!R59 | S59: =I59*J59+K59*L59+M59*N59+O59*P59+Q59*R59 -> 0
C60: ='Semana 9'!C60 | D60: ='Semana 9'!D60 | F60: ='Semana 9'!F60 | G60: ='Semana 9'!G60 | H60: ='Semana 9'!H60 | I60: ='Semana 9'!I60 | J60: ='Semana 9'!J60 | K60: ='Semana 9'!K60 | L60: ='Semana 9'!L60 | M60: ='Semana 9'!M60 | ... R60: ='Semana 9'!R60 | S60: =I60*J60+K60*L60+M60*N60+O60*P60+Q60*R60 -> 0
C61: ='Semana 9'!C61 | D61: ='Semana 9'!D61 | F61: ='Semana 9'!F61 | G61: ='Semana 9'!G61 | H61: ='Semana 9'!H61 | I61: ='Semana 9'!I61 | J61: ='Semana 9'!J61 | K61: ='Semana 9'!K61 | L61: ='Semana 9'!L61 | M61: ='Semana 9'!M61 | ... R61: ='Semana 9'!R61 | S61: =I61*J61+K61*L61+M61*N61+O61*P61+Q61*R61 -> 0
C62: ='Semana 9'!C62 | D62: ='Semana 9'!D62 | F62: ='Semana 9'!F62 | G62: ='Semana 9'!G62 | H62: ='Semana 9'!H62 | I62: ='Semana 9'!I62 | J62: ='Semana 9'!J62 | K62: ='Semana 9'!K62 | L62: ='Semana 9'!L62 | M62: ='Semana 9'!M62 | ... R62: ='Semana 9'!R62 | S62: =I62*J62+K62*L62+M62*N62+O62*P62+Q62*R62 -> 0
B63: Duración de la sesión | D63: DOMS | F63: GRUPO MUSCULAR | M63: PESAJE DEL DÍA | Q63: ESFUERZO GRAL.
B65: ='Semana 9'!B65 -> DÍA 6: ESTRUCTURA | F65: Series | G65: RIR/RPE | H65: Descanso | I65: Serie 1 | K65: Serie 2 | M65: Serie 3 | O65: Serie 4 | Q65: Serie 5 | S65: Tonelaje
B66: Notas del alumno | C66: Categoría de ejercicio | D66: Ejercicios | E66: Feedback Técnico | I66: Reps | J66: Kg | K66: Reps | L66: Kg | M66: Reps | N66: Kg | O66: Reps | P66: Kg | Q66: Reps | R66: Kg
C67: ='Semana 9'!C67 | D67: ='Semana 9'!D67 | F67: ='Semana 9'!F67 | G67: ='Semana 9'!G67 | H67: ='Semana 9'!H67 | I67: ='Semana 9'!I67 | J67: ='Semana 9'!J67 | K67: ='Semana 9'!K67 | L67: ='Semana 9'!L67 | M67: ='Semana 9'!M67 | ... R67: ='Semana 9'!R67 | S67: =I67*J67+K67*L67+M67*N67+O67*P67+Q67*R67 -> 0
C68: ='Semana 9'!C68 | D68: ='Semana 9'!D68 | F68: ='Semana 9'!F68 | G68: ='Semana 9'!G68 | H68: ='Semana 9'!H68 | I68: ='Semana 9'!I68 | J68: ='Semana 9'!J68 | K68: ='Semana 9'!K68 | L68: ='Semana 9'!L68 | M68: ='Semana 9'!M68 | ... R68: ='Semana 9'!R68 | S68: =I68*J68+K68*L68+M68*N68+O68*P68+Q68*R68 -> 0
C69: ='Semana 9'!C69 | D69: ='Semana 9'!D69 | F69: ='Semana 9'!F69 | G69: ='Semana 9'!G69 | H69: ='Semana 9'!H69 | I69: ='Semana 9'!I69 | J69: ='Semana 9'!J69 | K69: ='Semana 9'!K69 | L69: ='Semana 9'!L69 | M69: ='Semana 9'!M69 | ... R69: ='Semana 9'!R69 | S69: =I69*J69+K69*L69+M69*N69+O69*P69+Q69*R69 -> 0
C70: ='Semana 9'!C70 | D70: ='Semana 9'!D70 | F70: ='Semana 9'!F70 | G70: ='Semana 9'!G70 | H70: ='Semana 9'!H70 | I70: ='Semana 9'!I70 | J70: ='Semana 9'!J70 | K70: ='Semana 9'!K70 | L70: ='Semana 9'!L70 | M70: ='Semana 9'!M70 | ... R70: ='Semana 9'!R70 | S70: =I70*J70+K70*L70+M70*N70+O70*P70+Q70*R70 -> 0
C71: ='Semana 9'!C71 | D71: ='Semana 9'!D71 | F71: ='Semana 9'!F71 | G71: ='Semana 9'!G71 | H71: ='Semana 9'!H71 | I71: ='Semana 9'!I71 | J71: ='Semana 9'!J71 | K71: ='Semana 9'!K71 | L71: ='Semana 9'!L71 | M71: ='Semana 9'!M71 | ... R71: ='Semana 9'!R71 | S71: =I71*J71+K71*L71+M71*N71+O71*P71+Q71*R71 -> 0
C72: ='Semana 9'!C72 | D72: ='Semana 9'!D72 | F72: ='Semana 9'!F72 | G72: ='Semana 9'!G72 | H72: ='Semana 9'!H72 | I72: ='Semana 9'!I72 | J72: ='Semana 9'!J72 | K72: ='Semana 9'!K72 | L72: ='Semana 9'!L72 | M72: ='Semana 9'!M72 | ... R72: ='Semana 9'!R72 | S72: =I72*J72+K72*L72+M72*N72+O72*P72+Q72*R72 -> 0
C73: ='Semana 9'!C73 | D73: ='Semana 9'!D73 | F73: ='Semana 9'!F73 | G73: ='Semana 9'!G73 | H73: ='Semana 9'!H73 | I73: ='Semana 9'!I73 | J73: ='Semana 9'!J73 | K73: ='Semana 9'!K73 | L73: ='Semana 9'!L73 | M73: ='Semana 9'!M73 | ... R73: ='Semana 9'!R73 | S73: =I73*J73+K73*L73+M73*N73+O73*P73+Q73*R73 -> 0
C74: ='Semana 9'!C74 | D74: ='Semana 9'!D74 | F74: ='Semana 9'!F74 | G74: ='Semana 9'!G74 | H74: ='Semana 9'!H74 | I74: ='Semana 9'!I74 | J74: ='Semana 9'!J74 | K74: ='Semana 9'!K74 | L74: ='Semana 9'!L74 | M74: ='Semana 9'!M74 | ... R74: ='Semana 9'!R74 | S74: =I74*J74+K74*L74+M74*N74+O74*P74+Q74*R74 -> 0
B75: Duración de la sesión | D75: DOMS | F75: GRUPO MUSCULAR | M75: PESAJE DEL DÍA | Q75: ESFUERZO GRAL.
M78: PESO PROMEDIO SEMANA | P78: =IFERROR(AVERAGE(O15,O27,O39,O51,O63,O75),"0,0 KG") -> 0,0 KG

Sheet Semana 11
A1: Serie 2
C2: Entrenador/a | D2: ='Semana 1'!D2 -> Tu nombre y apellido | F2: Fecha de hoy | I2: =TODAY() -> 46305 | P2: Semanas trascurridas
C3: Nombre del alumno | D3: ='Semana 1'!D3 -> El nombre y apellido del alumno | F3: Fecha de inicio | I3: ='Semana 1'!I3 -> 45901 | P3: ='Semana 1'!P3 -> 57
B5: ='Semana 10'!B5 -> DÍA 1: ESTRUCTURA | F5: Series | G5: RIR/RPE | H5: Descanso | I5: Serie 1 | K5: Serie 2 | M5: Serie 3 | O5: Serie 4 | Q5: Serie 5 | S5: Tonelaje
B6: Notas del alumno | C6: Categoría de ejercicio | D6: Ejercicios | E6: Feedback Técnico | I6: Reps | J6: Kg | K6: Reps | L6: Kg | M6: Reps | N6: Kg | O6: Reps | P6: Kg | Q6: Reps | R6: Kg
C7: ='Semana 10'!C7 | D7: ='Semana 10'!D7 | F7: ='Semana 10'!F7 | G7: ='Semana 10'!G7 | H7: ='Semana 10'!H7 | I7: ='Semana 10'!I7 | J7: ='Semana 10'!J7 | K7: ='Semana 10'!K7 | L7: ='Semana 10'!L7 | M7: ='Semana 10'!M7 | ... R7: ='Semana 10'!R7 | S7: =I7*J7+K7*L7+M7*N7+O7*P7+Q7*R7 -> 0
C8: ='Semana 10'!C8 | D8: ='Semana 10'!D8 | F8: ='Semana 10'!F8 | G8: ='Semana 10'!G8 | H8: ='Semana 10'!H8 | I8: ='Semana 10'!I8 | J8: ='Semana 10'!J8 | K8: ='Semana 10'!K8 | L8: ='Semana 10'!L8 | M8: ='Semana 10'!M8 | ... R8: ='Semana 10'!R8 | S8: =I8*J8+K8*L8+M8*N8+O8*P8+Q8*R8 -> 0
C9: ='Semana 10'!C9 | D9: ='Semana 10'!D9 | F9: ='Semana 10'!F9 | G9: ='Semana 10'!G9 | H9: ='Semana 10'!H9 | I9: ='Semana 10'!I9 | J9: ='Semana 10'!J9 | K9: ='Semana 10'!K9 | L9: ='Semana 10'!L9 | M9: ='Semana 10'!M9 | ... R9: ='Semana 10'!R9 | S9: =I9*J9+K9*L9+M9*N9+O9*P9+Q9*R9 -> 0
C10: ='Semana 10'!C10 | D10: ='Semana 10'!D10 | F10: ='Semana 10'!F10 | G10: ='Semana 10'!G10 | H10: ='Semana 10'!H10 | I10: ='Semana 10'!I10 | J10: ='Semana 10'!J10 | K10: ='Semana 10'!K10 | L10: ='Semana 10'!L10 | M10: ='Semana 10'!M10 | ... R10: ='Semana 10'!R10 | S10: =I10*J10+K10*L10+M10*N10+O10*P10+Q10*R10 -> 0
C11: ='Semana 10'!C11 | D11: ='Semana 10'!D11 | F11: ='Semana 10'!F11 | G11: ='Semana 10'!G11 | H11: ='Semana 10'!H11 | I11: ='Semana 10'!I11 | J11: ='Semana 10'!J11 | K11: ='Semana 10'!K11 | L11: ='Semana 10'!L11 | M11: ='Semana 10'!M11 | ... R11: ='Semana 10'!R11 | S11: =I11*J11+K11*L11+M11*N11+O11*P11+Q11*R11 -> 0
C12: ='Semana 10'!C12 | D12: ='Semana 10'!D12 | F12: ='Semana 10'!F12 | G12: ='Semana 10'!G12 | H12: ='Semana 10'!H12 | I12: ='Semana 10'!I12 | J12: ='Semana 10'!J12 | K12: ='Semana 10'!K12 | L12: ='Semana 10'!L12 | M12: ='Semana 10'!M12 | ... R12: ='Semana 10'!R12 | S12: =I12*J12+K12*L12+M12*N12+O12*P12+Q12*R12 -> 0
C13: ='Semana 10'!C13 | D13: ='Semana 10'!D13 | F13: ='Semana 10'!F13 | G13: ='Semana 10'!G13 | H13: ='Semana 10'!H13 | I13: ='Semana 10'!I13 | J13: ='Semana 10'!J13 | K13: ='Semana 10'!K13 | L13: ='Semana 10'!L13 | M13: ='Semana 10'!M13 | ... R13: ='Semana 10'!R13 | S13: =I13*J13+K13*L13+M13*N13+O13*P13+Q13*R13 -> 0
C14: ='Semana 10'!C14 | D14: ='Semana 10'!D14 | F14: ='Semana 10'!F14 | G14: ='Semana 10'!G14 | H14: ='Semana 10'!H14 | I14: ='Semana 10'!I14 | J14: ='Semana 10'!J14 | K14: ='Semana 10'!K14 | L14: ='Semana 10'!L14 | M14: ='Semana 10'!M14 | ... R14: ='Semana 10'!R14 | S14: =I14*J14+K14*L14+M14*N14+O14*P14+Q14*R14 -> 0
B15: Duración de la sesión | D15: DOMS | F15: GRUPO MUSCULAR | M15: PESAJE DEL DÍA | Q15: ESFUERZO GRAL.
B17: ='Semana 10'!B17 -> DÍA 2: ESTRUCTURA | F17: Series | G17: RIR/RPE | H17: Descanso | I17: Serie 1 | K17: Serie 2 | M17: Serie 3 | O17: Serie 4 | Q17: Serie 5 | S17: Tonelaje
B18: Notas del alumno | C18: Categoría de ejercicio | D18: Ejercicios | E18: Feedback Técnico | I18: Reps | J18: Kg | K18: Reps | L18: Kg | M18: Reps | N18: Kg | O18: Reps | P18: Kg | Q18: Reps | R18: Kg
C19: ='Semana 10'!C19 | D19: ='Semana 10'!D19 | F19: ='Semana 10'!F19 | G19: ='Semana 10'!G19 | H19: ='Semana 10'!H19 | I19: ='Semana 10'!I19 | J19: ='Semana 10'!J19 | K19: ='Semana 10'!K19 | L19: ='Semana 10'!L19 | M19: ='Semana 10'!M19 | ... R19: ='Semana 10'!R19 | S19: =I19*J19+K19*L19+M19*N19+O19*P19+Q19*R19 -> 0
C20: ='Semana 10'!C20 | D20: ='Semana 10'!D20 | F20: ='Semana 10'!F20 | G20: ='Semana 10'!G20 | H20: ='Semana 10'!H20 | I20: ='Semana 10'!I20 | J20: ='Semana 10'!J20 | K20: ='Semana 10'!K20 | L20: ='Semana 10'!L20 | M20: ='Semana 10'!M20 | ... R20: ='Semana 10'!R20 | S20: =I20*J20+K20*L20+M20*N20+O20*P20+Q20*R20 -> 0
C21: ='Semana 10'!C21 | D21: ='Semana 10'!D21 | F21: ='Semana 10'!F21 | G21: ='Semana 10'!G21 | H21: ='Semana 10'!H21 | I21: ='Semana 10'!I21 | J21: ='Semana 10'!J21 | K21: ='Semana 10'!K21 | L21: ='Semana 10'!L21 | M21: ='Semana 10'!M21 | ... R21: ='Semana 10'!R21 | S21: =I21*J21+K21*L21+M21*N21+O21*P21+Q21*R21 -> 0
C22: ='Semana 10'!C22 | D22: ='Semana 10'!D22 | F22: ='Semana 10'!F22 | G22: ='Semana 10'!G22 | H22: ='Semana 10'!H22 | I22: ='Semana 10'!I22 | J22: ='Semana 10'!J22 | K22: ='Semana 10'!K22 | L22: ='Semana 10'!L22 | M22: ='Semana 10'!M22 | ... R22: ='Semana 10'!R22 | S22: =I22*J22+K22*L22+M22*N22+O22*P22+Q22*R22 -> 0
C23: ='Semana 10'!C23 | D23: ='Semana 10'!D23 | F23: ='Semana 10'!F23 | G23: ='Semana 10'!G23 | H23: ='Semana 10'!H23 | I23: ='Semana 10'!I23 | J23: ='Semana 10'!J23 | K23: ='Semana 10'!K23 | L23: ='Semana 10'!L23 | M23: ='Semana 10'!M23 | ... R23: ='Semana 10'!R23 | S23: =I23*J23+K23*L23+M23*N23+O23*P23+Q23*R23 -> 0
C24: ='Semana 10'!C24 | D24: ='Semana 10'!D24 | F24: ='Semana 10'!F24 | G24: ='Semana 10'!G24 | H24: ='Semana 10'!H24 | I24: ='Semana 10'!I24 | J24: ='Semana 10'!J24 | K24: ='Semana 10'!K24 | L24: ='Semana 10'!L24 | M24: ='Semana 10'!M24 | ... R24: ='Semana 10'!R24 | S24: =I24*J24+K24*L24+M24*N24+O24*P24+Q24*R24 -> 0
C25: ='Semana 10'!C25 | D25: ='Semana 10'!D25 | F25: ='Semana 10'!F25 | G25: ='Semana 10'!G25 | H25: ='Semana 10'!H25 | I25: ='Semana 10'!I25 | J25: ='Semana 10'!J25 | K25: ='Semana 10'!K25 | L25: ='Semana 10'!L25 | M25: ='Semana 10'!M25 | ... R25: ='Semana 10'!R25 | S25: =I25*J25+K25*L25+M25*N25+O25*P25+Q25*R25 -> 0
C26: ='Semana 10'!C26 | D26: ='Semana 10'!D26 | F26: ='Semana 10'!F26 | G26: ='Semana 10'!G26 | H26: ='Semana 10'!H26 | I26: ='Semana 10'!I26 | J26: ='Semana 10'!J26 | K26: ='Semana 10'!K26 | L26: ='Semana 10'!L26 | M26: ='Semana 10'!M26 | ... R26: ='Semana 10'!R26 | S26: =I26*J26+K26*L26+M26*N26+O26*P26+Q26*R26 -> 0
B27: Duración de la sesión | D27: DOMS | F27: GRUPO MUSCULAR | M27: PESAJE DEL DÍA | Q27: ESFUERZO GRAL.
B29: ='Semana 10'!B29 -> DÍA 3: ESTRUCTURA | F29: Series | G29: RIR/RPE | H29: Descanso | I29: Serie 1 | K29: Serie 2 | M29: Serie 3 | O29: Serie 4 | Q29: Serie 5 | S29: Tonelaje
B30: Notas del alumno | C30: Categoría de ejercicio | D30: Ejercicios | E30: Feedback Técnico | I30: Reps | J30: Kg | K30: Reps | L30: Kg | M30: Reps | N30: Kg | O30: Reps | P30: Kg | Q30: Reps | R30: Kg
C31: ='Semana 10'!C31 | D31: ='Semana 10'!D31 | F31: ='Semana 10'!F31 | G31: ='Semana 10'!G31 | H31: ='Semana 10'!H31 | I31: ='Semana 10'!I31 | J31: ='Semana 10'!J31 | K31: ='Semana 10'!K31 | L31: ='Semana 10'!L31 | M31: ='Semana 10'!M31 | ... R31: ='Semana 10'!R31 | S31: =I31*J31+K31*L31+M31*N31+O31*P31+Q31*R31 -> 0
C32: ='Semana 10'!C32 | D32: ='Semana 10'!D32 | F32: ='Semana 10'!F32 | G32: ='Semana 10'!G32 | H32: ='Semana 10'!H32 | I32: ='Semana 10'!I32 | J32: ='Semana 10'!J32 | K32: ='Semana 10'!K32 | L32: ='Semana 10'!L32 | M32: ='Semana 10'!M32 | ... R32: ='Semana 10'!R32 | S32: =I32*J32+K32*L32+M32*N32+O32*P32+Q32*R32 -> 0
C33: ='Semana 10'!C33 | D33: ='Semana 10'!D33 | F33: ='Semana 10'!F33 | G33: ='Semana 10'!G33 | H33: ='Semana 10'!H33 | I33: ='Semana 10'!I33 | J33: ='Semana 10'!J33 | K33: ='Semana 10'!K33 | L33: ='Semana 10'!L33 | M33: ='Semana 10'!M33 | ... R33: ='Semana 10'!R33 | S33: =I33*J33+K33*L33+M33*N33+O33*P33+Q33*R33 -> 0
C34: ='Semana 10'!C34 | D34: ='Semana 10'!D34 | F34: ='Semana 10'!F34 | G34: ='Semana 10'!G34 | H34: ='Semana 10'!H34 | I34: ='Semana 10'!I34 | J34: ='Semana 10'!J34 | K34: ='Semana 10'!K34 | L34: ='Semana 10'!L34 | M34: ='Semana 10'!M34 | ... R34: ='Semana 10'!R34 | S34: =I34*J34+K34*L34+M34*N34+O34*P34+Q34*R34 -> 0
C35: ='Semana 10'!C35 | D35: ='Semana 10'!D35 | F35: ='Semana 10'!F35 | G35: ='Semana 10'!G35 | H35: ='Semana 10'!H35 | I35: ='Semana 10'!I35 | J35: ='Semana 10'!J35 | K35: ='Semana 10'!K35 | L35: ='Semana 10'!L35 | M35: ='Semana 10'!M35 | ... R35: ='Semana 10'!R35 | S35: =I35*J35+K35*L35+M35*N35+O35*P35+Q35*R35 -> 0
C36: ='Semana 10'!C36 | D36: ='Semana 10'!D36 | F36: ='Semana 10'!F36 | G36: ='Semana 10'!G36 | H36: ='Semana 10'!H36 | I36: ='Semana 10'!I36 | J36: ='Semana 10'!J36 | K36: ='Semana 10'!K36 | L36: ='Semana 10'!L36 | M36: ='Semana 10'!M36 | ... R36: ='Semana 10'!R36 | S36: =I36*J36+K36*L36+M36*N36+O36*P36+Q36*R36 -> 0
C37: ='Semana 10'!C37 | D37: ='Semana 10'!D37 | F37: ='Semana 10'!F37 | G37: ='Semana 10'!G37 | H37: ='Semana 10'!H37 | I37: ='Semana 10'!I37 | J37: ='Semana 10'!J37 | K37: ='Semana 10'!K37 | L37: ='Semana 10'!L37 | M37: ='Semana 10'!M37 | ... R37: ='Semana 10'!R37 | S37: =I37*J37+K37*L37+M37*N37+O37*P37+Q37*R37 -> 0
C38: ='Semana 10'!C38 | D38: ='Semana 10'!D38 | F38: ='Semana 10'!F38 | G38: ='Semana 10'!G38 | H38: ='Semana 10'!H38 | I38: ='Semana 10'!I38 | J38: ='Semana 10'!J38 | K38: ='Semana 10'!K38 | L38: ='Semana 10'!L38 | M38: ='Semana 10'!M38 | ... R38: ='Semana 10'!R38 | S38: =I38*J38+K38*L38+M38*N38+O38*P38+Q38*R38 -> 0
B39: Duración de la sesión | D39: DOMS | F39: GRUPO MUSCULAR | M39: PESAJE DEL DÍA | Q39: ESFUERZO GRAL.
B41: ='Semana 10'!B41 -> DÍA 4: ESTRUCTURA | F41: Series | G41: RIR/RPE | H41: Descanso | I41: Serie 1 | K41: Serie 2 | M41: Serie 3 | O41: Serie 4 | Q41: Serie 5 | S41: Tonelaje
B42: Notas del alumno | C42: Categoría de ejercicio | D42: Ejercicios | E42: Feedback Técnico | I42: Reps | J42: Kg | K42: Reps | L42: Kg | M42: Reps | N42: Kg | O42: Reps | P42: Kg | Q42: Reps | R42: Kg
C43: ='Semana 10'!C43 | D43: ='Semana 10'!D43 | F43: ='Semana 10'!F43 | G43: ='Semana 10'!G43 | H43: ='Semana 10'!H43 | I43: ='Semana 10'!I43 | J43: ='Semana 10'!J43 | K43: ='Semana 10'!K43 | L43: ='Semana 10'!L43 | M43: ='Semana 10'!M43 | ... R43: ='Semana 10'!R43 | S43: =I43*J43+K43*L43+M43*N43+O43*P43+Q43*R43 -> 0
C44: ='Semana 10'!C44 | D44: ='Semana 10'!D44 | F44: ='Semana 10'!F44 | G44: ='Semana 10'!G44 | H44: ='Semana 10'!H44 | I44: ='Semana 10'!I44 | J44: ='Semana 10'!J44 | K44: ='Semana 10'!K44 | L44: ='Semana 10'!L44 | M44: ='Semana 10'!M44 | ... R44: ='Semana 10'!R44 | S44: =I44*J44+K44*L44+M44*N44+O44*P44+Q44*R44 -> 0
C45: ='Semana 10'!C45 | D45: ='Semana 10'!D45 | F45: ='Semana 10'!F45 | G45: ='Semana 10'!G45 | H45: ='Semana 10'!H45 | I45: ='Semana 10'!I45 | J45: ='Semana 10'!J45 | K45: ='Semana 10'!K45 | L45: ='Semana 10'!L45 | M45: ='Semana 10'!M45 | ... R45: ='Semana 10'!R45 | S45: =I45*J45+K45*L45+M45*N45+O45*P45+Q45*R45 -> 0
C46: ='Semana 10'!C46 | D46: ='Semana 10'!D46 | F46: ='Semana 10'!F46 | G46: ='Semana 10'!G46 | H46: ='Semana 10'!H46 | I46: ='Semana 10'!I46 | J46: ='Semana 10'!J46 | K46: ='Semana 10'!K46 | L46: ='Semana 10'!L46 | M46: ='Semana 10'!M46 | ... R46: ='Semana 10'!R46 | S46: =I46*J46+K46*L46+M46*N46+O46*P46+Q46*R46 -> 0
C47: ='Semana 10'!C47 | D47: ='Semana 10'!D47 | F47: ='Semana 10'!F47 | G47: ='Semana 10'!G47 | H47: ='Semana 10'!H47 | I47: ='Semana 10'!I47 | J47: ='Semana 10'!J47 | K47: ='Semana 10'!K47 | L47: ='Semana 10'!L47 | M47: ='Semana 10'!M47 | ... R47: ='Semana 10'!R47 | S47: =I47*J47+K47*L47+M47*N47+O47*P47+Q47*R47 -> 0
C48: ='Semana 10'!C48 | D48: ='Semana 10'!D48 | F48: ='Semana 10'!F48 | G48: ='Semana 10'!G48 | H48: ='Semana 10'!H48 | I48: ='Semana 10'!I48 | J48: ='Semana 10'!J48 | K48: ='Semana 10'!K48 | L48: ='Semana 10'!L48 | M48: ='Semana 10'!M48 | ... R48: ='Semana 10'!R48 | S48: =I48*J48+K48*L48+M48*N48+O48*P48+Q48*R48 -> 0
C49: ='Semana 10'!C49 | D49: ='Semana 10'!D49 | F49: ='Semana 10'!F49 | G49: ='Semana 10'!G49 | H49: ='Semana 10'!H49 | I49: ='Semana 10'!I49 | J49: ='Semana 10'!J49 | K49: ='Semana 10'!K49 | L49: ='Semana 10'!L49 | M49: ='Semana 10'!M49 | ... R49: ='Semana 10'!R49 | S49: =I49*J49+K49*L49+M49*N49+O49*P49+Q49*R49 -> 0
C50: ='Semana 10'!C50 | D50: ='Semana 10'!D50 | F50: ='Semana 10'!F50 | G50: ='Semana 10'!G50 | H50: ='Semana 10'!H50 | I50: ='Semana 10'!I50 | J50: ='Semana 10'!J50 | K50: ='Semana 10'!K50 | L50: ='Semana 10'!L50 | M50: ='Semana 10'!M50 | ... R50: ='Semana 10'!R50 | S50: =I50*J50+K50*L50+M50*N50+O50*P50+Q50*R50 -> 0
B51: Duración de la sesión | D51: DOMS | F51: GRUPO MUSCULAR | M51: PESAJE DEL DÍA | Q51: ESFUERZO GRAL.
B53: ='Semana 10'!B53 -> DÍA 5: ESTRUCTURA | F53: Series | G53: RIR/RPE | H53: Descanso | I53: Serie 1 | K53: Serie 2 | M53: Serie 3 | O53: Serie 4 | Q53: Serie 5 | S53: Tonelaje
B54: Notas del alumno | C54: Categoría de ejercicio | D54: Ejercicios | E54: Feedback Técnico | I54: Reps | J54: Kg | K54: Reps | L54: Kg | M54: Reps | N54: Kg | O54: Reps | P54: Kg | Q54: Reps | R54: Kg
C55: ='Semana 10'!C55 | D55: ='Semana 10'!D55 | F55: ='Semana 10'!F55 | G55: ='Semana 10'!G55 | H55: ='Semana 10'!H55 | I55: ='Semana 10'!I55 | J55: ='Semana 10'!J55 | K55: ='Semana 10'!K55 | L55: ='Semana 10'!L55 | M55: ='Semana 10'!M55 | ... R55: ='Semana 10'!R55 | S55: =I55*J55+K55*L55+M55*N55+O55*P55+Q55*R55 -> 0
C56: ='Semana 10'!C56 | D56: ='Semana 10'!D56 | F56: ='Semana 10'!F56 | G56: ='Semana 10'!G56 | H56: ='Semana 10'!H56 | I56: ='Semana 10'!I56 | J56: ='Semana 10'!J56 | K56: ='Semana 10'!K56 | L56: ='Semana 10'!L56 | M56: ='Semana 10'!M56 | ... R56: ='Semana 10'!R56 | S56: =I56*J56+K56*L56+M56*N56+O56*P56+Q56*R56 -> 0
C57: ='Semana 10'!C57 | D57: ='Semana 10'!D57 | F57: ='Semana 10'!F57 | G57: ='Semana 10'!G57 | H57: ='Semana 10'!H57 | I57: ='Semana 10'!I57 | J57: ='Semana 10'!J57 | K57: ='Semana 10'!K57 | L57: ='Semana 10'!L57 | M57: ='Semana 10'!M57 | ... R57: ='Semana 10'!R57 | S57: =I57*J57+K57*L57+M57*N57+O57*P57+Q57*R57 -> 0
C58: ='Semana 10'!C58 | D58: ='Semana 10'!D58 | F58: ='Semana 10'!F58 | G58: ='Semana 10'!G58 | H58: ='Semana 10'!H58 | I58: ='Semana 10'!I58 | J58: ='Semana 10'!J58 | K58: ='Semana 10'!K58 | L58: ='Semana 10'!L58 | M58: ='Semana 10'!M58 | ... R58: ='Semana 10'!R58 | S58: =I58*J58+K58*L58+M58*N58+O58*P58+Q58*R58 -> 0
C59: ='Semana 10'!C59 | D59: ='Semana 10'!D59 | F59: ='Semana 10'!F59 | G59: ='Semana 10'!G59 | H59: ='Semana 10'!H59 | I59: ='Semana 10'!I59 | J59: ='Semana 10'!J59 | K59: ='Semana 10'!K59 | L59: ='Semana 10'!L59 | M59: ='Semana 10'!M59 | ... R59: ='Semana 10'!R59 | S59: =I59*J59+K59*L59+M59*N59+O59*P59+Q59*R59 -> 0
C60: ='Semana 10'!C60 | D60: ='Semana 10'!D60 | F60: ='Semana 10'!F60 | G60: ='Semana 10'!G60 | H60: ='Semana 10'!H60 | I60: ='Semana 10'!I60 | J60: ='Semana 10'!J60 | K60: ='Semana 10'!K60 | L60: ='Semana 10'!L60 | M60: ='Semana 10'!M60 | ... R60: ='Semana 10'!R60 | S60: =I60*J60+K60*L60+M60*N60+O60*P60+Q60*R60 -> 0
C61: ='Semana 10'!C61 | D61: ='Semana 10'!D61 | F61: ='Semana 10'!F61 | G61: ='Semana 10'!G61 | H61: ='Semana 10'!H61 | I61: ='Semana 10'!I61 | J61: ='Semana 10'!J61 | K61: ='Semana 10'!K61 | L61: ='Semana 10'!L61 | M61: ='Semana 10'!M61 | ... R61: ='Semana 10'!R61 | S61: =I61*J61+K61*L61+M61*N61+O61*P61+Q61*R61 -> 0
C62: ='Semana 10'!C62 | D62: ='Semana 10'!D62 | F62: ='Semana 10'!F62 | G62: ='Semana 10'!G62 | H62: ='Semana 10'!H62 | I62: ='Semana 10'!I62 | J62: ='Semana 10'!J62 | K62: ='Semana 10'!K62 | L62: ='Semana 10'!L62 | M62: ='Semana 10'!M62 | ... R62: ='Semana 10'!R62 | S62: =I62*J62+K62*L62+M62*N62+O62*P62+Q62*R62 -> 0
B63: Duración de la sesión | D63: DOMS | F63: GRUPO MUSCULAR | M63: PESAJE DEL DÍA | Q63: ESFUERZO GRAL.
B65: ='Semana 10'!B65 -> DÍA 6: ESTRUCTURA | F65: Series | G65: RIR/RPE | H65: Descanso | I65: Serie 1 | K65: Serie 2 | M65: Serie 3 | O65: Serie 4 | Q65: Serie 5 | S65: Tonelaje
B66: Notas del alumno | C66: Categoría de ejercicio | D66: Ejercicios | E66: Feedback Técnico | I66: Reps | J66: Kg | K66: Reps | L66: Kg | M66: Reps | N66: Kg | O66: Reps | P66: Kg | Q66: Reps | R66: Kg
C67: ='Semana 10'!C67 | D67: ='Semana 10'!D67 | F67: ='Semana 10'!F67 | G67: ='Semana 10'!G67 | H67: ='Semana 10'!H67 | I67: ='Semana 10'!I67 | J67: ='Semana 10'!J67 | K67: ='Semana 10'!K67 | L67: ='Semana 10'!L67 | M67: ='Semana 10'!M67 | ... R67: ='Semana 10'!R67 | S67: =I67*J67+K67*L67+M67*N67+O67*P67+Q67*R67 -> 0
C68: ='Semana 10'!C68 | D68: ='Semana 10'!D68 | F68: ='Semana 10'!F68 | G68: ='Semana 10'!G68 | H68: ='Semana 10'!H68 | I68: ='Semana 10'!I68 | J68: ='Semana 10'!J68 | K68: ='Semana 10'!K68 | L68: ='Semana 10'!L68 | M68: ='Semana 10'!M68 | ... R68: ='Semana 10'!R68 | S68: =I68*J68+K68*L68+M68*N68+O68*P68+Q68*R68 -> 0
C69: ='Semana 10'!C69 | D69: ='Semana 10'!D69 | F69: ='Semana 10'!F69 | G69: ='Semana 10'!G69 | H69: ='Semana 10'!H69 | I69: ='Semana 10'!I69 | J69: ='Semana 10'!J69 | K69: ='Semana 10'!K69 | L69: ='Semana 10'!L69 | M69: ='Semana 10'!M69 | ... R69: ='Semana 10'!R69 | S69: =I69*J69+K69*L69+M69*N69+O69*P69+Q69*R69 -> 0
C70: ='Semana 10'!C70 | D70: ='Semana 10'!D70 | F70: ='Semana 10'!F70 | G70: ='Semana 10'!G70 | H70: ='Semana 10'!H70 | I70: ='Semana 10'!I70 | J70: ='Semana 10'!J70 | K70: ='Semana 10'!K70 | L70: ='Semana 10'!L70 | M70: ='Semana 10'!M70 | ... R70: ='Semana 10'!R70 | S70: =I70*J70+K70*L70+M70*N70+O70*P70+Q70*R70 -> 0
C71: ='Semana 10'!C71 | D71: ='Semana 10'!D71 | F71: ='Semana 10'!F71 | G71: ='Semana 10'!G71 | H71: ='Semana 10'!H71 | I71: ='Semana 10'!I71 | J71: ='Semana 10'!J71 | K71: ='Semana 10'!K71 | L71: ='Semana 10'!L71 | M71: ='Semana 10'!M71 | ... R71: ='Semana 10'!R71 | S71: =I71*J71+K71*L71+M71*N71+O71*P71+Q71*R71 -> 0
C72: ='Semana 10'!C72 | D72: ='Semana 10'!D72 | F72: ='Semana 10'!F72 | G72: ='Semana 10'!G72 | H72: ='Semana 10'!H72 | I72: ='Semana 10'!I72 | J72: ='Semana 10'!J72 | K72: ='Semana 10'!K72 | L72: ='Semana 10'!L72 | M72: ='Semana 10'!M72 | ... R72: ='Semana 10'!R72 | S72: =I72*J72+K72*L72+M72*N72+O72*P72+Q72*R72 -> 0
C73: ='Semana 10'!C73 | D73: ='Semana 10'!D73 | F73: ='Semana 10'!F73 | G73: ='Semana 10'!G73 | H73: ='Semana 10'!H73 | I73: ='Semana 10'!I73 | J73: ='Semana 10'!J73 | K73: ='Semana 10'!K73 | L73: ='Semana 10'!L73 | M73: ='Semana 10'!M73 | ... R73: ='Semana 10'!R73 | S73: =I73*J73+K73*L73+M73*N73+O73*P73+Q73*R73 -> 0
C74: ='Semana 10'!C74 | D74: ='Semana 10'!D74 | F74: ='Semana 10'!F74 | G74: ='Semana 10'!G74 | H74: ='Semana 10'!H74 | I74: ='Semana 10'!I74 | J74: ='Semana 10'!J74 | K74: ='Semana 10'!K74 | L74: ='Semana 10'!L74 | M74: ='Semana 10'!M74 | ... R74: ='Semana 10'!R74 | S74: =I74*J74+K74*L74+M74*N74+O74*P74+Q74*R74 -> 0
B75: Duración de la sesión | D75: DOMS | F75: GRUPO MUSCULAR | M75: PESAJE DEL DÍA | Q75: ESFUERZO GRAL.
M78: PESO PROMEDIO SEMANA | P78: =IFERROR(AVERAGE(O15,O27,O39,O51,O63,O75),"0,0 KG") -> 0,0 KG

Sheet Semana 12
C2: Entrenador/a | D2: ='Semana 1'!D2 -> Tu nombre y apellido | F2: Fecha de hoy | I2: =TODAY() -> 46305 | P2: Semanas trascurridas
C3: Nombre del alumno | D3: ='Semana 1'!D3 -> El nombre y apellido del alumno | F3: Fecha de inicio | I3: ='Semana 1'!I3 -> 45901 | P3: ='Semana 1'!P3 -> 57
B5: ='Semana 11'!B5 -> DÍA 1: ESTRUCTURA | F5: Series | G5: RIR/RPE | H5: Descanso | I5: Serie 1 | K5: Serie 2 | M5: Serie 3 | O5: Serie 4 | Q5: Serie 5 | S5: Tonelaje
B6: Notas del alumno | C6: Categoría de ejercicio | D6: Ejercicios | E6: Feedback Técnico | I6: Reps | J6: Kg | K6: Reps | L6: Kg | M6: Reps | N6: Kg | O6: Reps | P6: Kg | Q6: Reps | R6: Kg
C7: ='Semana 11'!C7 | D7: ='Semana 11'!D7 | F7: ='Semana 11'!F7 | G7: ='Semana 11'!G7 | H7: ='Semana 11'!H7 | I7: ='Semana 11'!I7 | J7: ='Semana 11'!J7 | K7: ='Semana 11'!K7 | L7: ='Semana 11'!L7 | M7: ='Semana 11'!M7 | ... R7: ='Semana 11'!R7 | S7: =I7*J7+K7*L7+M7*N7+O7*P7+Q7*R7 -> 0
C8: ='Semana 11'!C8 | D8: ='Semana 11'!D8 | F8: ='Semana 11'!F8 | G8: ='Semana 11'!G8 | H8: ='Semana 11'!H8 | I8: ='Semana 11'!I8 | J8: ='Semana 11'!J8 | K8: ='Semana 11'!K8 | L8: ='Semana 11'!L8 | M8: ='Semana 11'!M8 | ... R8: ='Semana 11'!R8 | S8: =I8*J8+K8*L8+M8*N8+O8*P8+Q8*R8 -> 0
C9: ='Semana 11'!C9 | D9: ='Semana 11'!D9 | F9: ='Semana 11'!F9 | G9: ='Semana 11'!G9 | H9: ='Semana 11'!H9 | I9: ='Semana 11'!I9 | J9: ='Semana 11'!J9 | K9: ='Semana 11'!K9 | L9: ='Semana 11'!L9 | M9: ='Semana 11'!M9 | ... R9: ='Semana 11'!R9 | S9: =I9*J9+K9*L9+M9*N9+O9*P9+Q9*R9 -> 0
C10: ='Semana 11'!C10 | D10: ='Semana 11'!D10 | F10: ='Semana 11'!F10 | G10: ='Semana 11'!G10 | H10: ='Semana 11'!H10 | I10: ='Semana 11'!I10 | J10: ='Semana 11'!J10 | K10: ='Semana 11'!K10 | L10: ='Semana 11'!L10 | M10: ='Semana 11'!M10 | ... R10: ='Semana 11'!R10 | S10: =I10*J10+K10*L10+M10*N10+O10*P10+Q10*R10 -> 0
C11: ='Semana 11'!C11 | D11: ='Semana 11'!D11 | F11: ='Semana 11'!F11 | G11: ='Semana 11'!G11 | H11: ='Semana 11'!H11 | I11: ='Semana 11'!I11 | J11: ='Semana 11'!J11 | K11: ='Semana 11'!K11 | L11: ='Semana 11'!L11 | M11: ='Semana 11'!M11 | ... R11: ='Semana 11'!R11 | S11: =I11*J11+K11*L11+M11*N11+O11*P11+Q11*R11 -> 0
C12: ='Semana 11'!C12 | D12: ='Semana 11'!D12 | F12: ='Semana 11'!F12 | G12: ='Semana 11'!G12 | H12: ='Semana 11'!H12 | I12: ='Semana 11'!I12 | J12: ='Semana 11'!J12 | K12: ='Semana 11'!K12 | L12: ='Semana 11'!L12 | M12: ='Semana 11'!M12 | ... R12: ='Semana 11'!R12 | S12: =I12*J12+K12*L12+M12*N12+O12*P12+Q12*R12 -> 0
C13: ='Semana 11'!C13 | D13: ='Semana 11'!D13 | F13: ='Semana 11'!F13 | G13: ='Semana 11'!G13 | H13: ='Semana 11'!H13 | I13: ='Semana 11'!I13 | J13: ='Semana 11'!J13 | K13: ='Semana 11'!K13 | L13: ='Semana 11'!L13 | M13: ='Semana 11'!M13 | ... R13: ='Semana 11'!R13 | S13: =I13*J13+K13*L13+M13*N13+O13*P13+Q13*R13 -> 0
C14: ='Semana 11'!C14 | D14: ='Semana 11'!D14 | F14: ='Semana 11'!F14 | G14: ='Semana 11'!G14 | H14: ='Semana 11'!H14 | I14: ='Semana 11'!I14 | J14: ='Semana 11'!J14 | K14: ='Semana 11'!K14 | L14: ='Semana 11'!L14 | M14: ='Semana 11'!M14 | ... R14: ='Semana 11'!R14 | S14: =I14*J14+K14*L14+M14*N14+O14*P14+Q14*R14 -> 0
B15: Duración de la sesión | D15: DOMS | F15: GRUPO MUSCULAR | M15: PESAJE DEL DÍA | Q15: ESFUERZO GRAL.
B17: ='Semana 11'!B17 -> DÍA 2: ESTRUCTURA | F17: Series | G17: RIR/RPE | H17: Descanso | I17: Serie 1 | K17: Serie 2 | M17: Serie 3 | O17: Serie 4 | Q17: Serie 5 | S17: Tonelaje
B18: Notas del alumno | C18: Categoría de ejercicio | D18: Ejercicios | E18: Feedback Técnico | I18: Reps | J18: Kg | K18: Reps | L18: Kg | M18: Reps | N18: Kg | O18: Reps | P18: Kg | Q18: Reps | R18: Kg
C19: ='Semana 11'!C19 | D19: ='Semana 11'!D19 | F19: ='Semana 11'!F19 | G19: ='Semana 11'!G19 | H19: ='Semana 11'!H19 | I19: ='Semana 11'!I19 | J19: ='Semana 11'!J19 | K19: ='Semana 11'!K19 | L19: ='Semana 11'!L19 | M19: ='Semana 11'!M19 | ... R19: ='Semana 11'!R19 | S19: =I19*J19+K19*L19+M19*N19+O19*P19+Q19*R19 -> 0
C20: ='Semana 11'!C20 | D20: ='Semana 11'!D20 | F20: ='Semana 11'!F20 | G20: ='Semana 11'!G20 | H20: ='Semana 11'!H20 | I20: ='Semana 11'!I20 | J20: ='Semana 11'!J20 | K20: ='Semana 11'!K20 | L20: ='Semana 11'!L20 | M20: ='Semana 11'!M20 | ... R20: ='Semana 11'!R20 | S20: =I20*J20+K20*L20+M20*N20+O20*P20+Q20*R20 -> 0
C21: ='Semana 11'!C21 | D21: ='Semana 11'!D21 | F21: ='Semana 11'!F21 | G21: ='Semana 11'!G21 | H21: ='Semana 11'!H21 | I21: ='Semana 11'!I21 | J21: ='Semana 11'!J21 | K21: ='Semana 11'!K21 | L21: ='Semana 11'!L21 | M21: ='Semana 11'!M21 | ... R21: ='Semana 11'!R21 | S21: =I21*J21+K21*L21+M21*N21+O21*P21+Q21*R21 -> 0
C22: ='Semana 11'!C22 | D22: ='Semana 11'!D22 | F22: ='Semana 11'!F22 | G22: ='Semana 11'!G22 | H22: ='Semana 11'!H22 | I22: ='Semana 11'!I22 | J22: ='Semana 11'!J22 | K22: ='Semana 11'!K22 | L22: ='Semana 11'!L22 | M22: ='Semana 11'!M22 | ... R22: ='Semana 11'!R22 | S22: =I22*J22+K22*L22+M22*N22+O22*P22+Q22*R22 -> 0
C23: ='Semana 11'!C23 | D23: ='Semana 11'!D23 | F23: ='Semana 11'!F23 | G23: ='Semana 11'!G23 | H23: ='Semana 11'!H23 | I23: ='Semana 11'!I23 | J23: ='Semana 11'!J23 | K23: ='Semana 11'!K23 | L23: ='Semana 11'!L23 | M23: ='Semana 11'!M23 | ... R23: ='Semana 11'!R23 | S23: =I23*J23+K23*L23+M23*N23+O23*P23+Q23*R23 -> 0
C24: ='Semana 11'!C24 | D24: ='Semana 11'!D24 | F24: ='Semana 11'!F24 | G24: ='Semana 11'!G24 | H24: ='Semana 11'!H24 | I24: ='Semana 11'!I24 | J24: ='Semana 11'!J24 | K24: ='Semana 11'!K24 | L24: ='Semana 11'!L24 | M24: ='Semana 11'!M24 | ... R24: ='Semana 11'!R24 | S24: =I24*J24+K24*L24+M24*N24+O24*P24+Q24*R24 -> 0
C25: ='Semana 11'!C25 | D25: ='Semana 11'!D25 | F25: ='Semana 11'!F25 | G25: ='Semana 11'!G25 | H25: ='Semana 11'!H25 | I25: ='Semana 11'!I25 | J25: ='Semana 11'!J25 | K25: ='Semana 11'!K25 | L25: ='Semana 11'!L25 | M25: ='Semana 11'!M25 | ... R25: ='Semana 11'!R25 | S25: =I25*J25+K25*L25+M25*N25+O25*P25+Q25*R25 -> 0
C26: ='Semana 11'!C26 | D26: ='Semana 11'!D26 | F26: ='Semana 11'!F26 | G26: ='Semana 11'!G26 | H26: ='Semana 11'!H26 | I26: ='Semana 11'!I26 | J26: ='Semana 11'!J26 | K26: ='Semana 11'!K26 | L26: ='Semana 11'!L26 | M26: ='Semana 11'!M26 | ... R26: ='Semana 11'!R26 | S26: =I26*J26+K26*L26+M26*N26+O26*P26+Q26*R26 -> 0
B27: Duración de la sesión | D27: DOMS | F27: GRUPO MUSCULAR | M27: PESAJE DEL DÍA | Q27: ESFUERZO GRAL.
B29: ='Semana 11'!B29 -> DÍA 3: ESTRUCTURA | F29: Series | G29: RIR/RPE | H29: Descanso | I29: Serie 1 | K29: Serie 2 | M29: Serie 3 | O29: Serie 4 | Q29: Serie 5 | S29: Tonelaje
B30: Notas del alumno | C30: Categoría de ejercicio | D30: Ejercicios | E30: Feedback Técnico | I30: Reps | J30: Kg | K30: Reps | L30: Kg | M30: Reps | N30: Kg | O30: Reps | P30: Kg | Q30: Reps | R30: Kg
C31: ='Semana 11'!C31 | D31: ='Semana 11'!D31 | F31: ='Semana 11'!F31 | G31: ='Semana 11'!G31 | H31: ='Semana 11'!H31 | I31: ='Semana 11'!I31 | J31: ='Semana 11'!J31 | K31: ='Semana 11'!K31 | L31: ='Semana 11'!L31 | M31: ='Semana 11'!M31 | ... R31: ='Semana 11'!R31 | S31: =I31*J31+K31*L31+M31*N31+O31*P31+Q31*R31 -> 0
C32: ='Semana 11'!C32 | D32: ='Semana 11'!D32 | F32: ='Semana 11'!F32 | G32: ='Semana 11'!G32 | H32: ='Semana 11'!H32 | I32: ='Semana 11'!I32 | J32: ='Semana 11'!J32 | K32: ='Semana 11'!K32 | L32: ='Semana 11'!L32 | M32: ='Semana 11'!M32 | ... R32: ='Semana 11'!R32 | S32: =I32*J32+K32*L32+M32*N32+O32*P32+Q32*R32 -> 0
C33: ='Semana 11'!C33 | D33: ='Semana 11'!D33 | F33: ='Semana 11'!F33 | G33: ='Semana 11'!G33 | H33: ='Semana 11'!H33 | I33: ='Semana 11'!I33 | J33: ='Semana 11'!J33 | K33: ='Semana 11'!K33 | L33: ='Semana 11'!L33 | M33: ='Semana 11'!M33 | ... R33: ='Semana 11'!R33 | S33: =I33*J33+K33*L33+M33*N33+O33*P33+Q33*R33 -> 0
C34: ='Semana 11'!C34 | D34: ='Semana 11'!D34 | F34: ='Semana 11'!F34 | G34: ='Semana 11'!G34 | H34: ='Semana 11'!H34 | I34: ='Semana 11'!I34 | J34: ='Semana 11'!J34 | K34: ='Semana 11'!K34 | L34: ='Semana 11'!L34 | M34: ='Semana 11'!M34 | ... R34: ='Semana 11'!R34 | S34: =I34*J34+K34*L34+M34*N34+O34*P34+Q34*R34 -> 0
C35: ='Semana 11'!C35 | D35: ='Semana 11'!D35 | F35: ='Semana 11'!F35 | G35: ='Semana 11'!G35 | H35: ='Semana 11'!H35 | I35: ='Semana 11'!I35 | J35: ='Semana 11'!J35 | K35: ='Semana 11'!K35 | L35: ='Semana 11'!L35 | M35: ='Semana 11'!M35 | ... R35: ='Semana 11'!R35 | S35: =I35*J35+K35*L35+M35*N35+O35*P35+Q35*R35 -> 0
C36: ='Semana 11'!C36 | D36: ='Semana 11'!D36 | F36: ='Semana 11'!F36 | G36: ='Semana 11'!G36 | H36: ='Semana 11'!H36 | I36: ='Semana 11'!I36 | J36: ='Semana 11'!J36 | K36: ='Semana 11'!K36 | L36: ='Semana 11'!L36 | M36: ='Semana 11'!M36 | ... R36: ='Semana 11'!R36 | S36: =I36*J36+K36*L36+M36*N36+O36*P36+Q36*R36 -> 0
C37: ='Semana 11'!C37 | D37: ='Semana 11'!D37 | F37: ='Semana 11'!F37 | G37: ='Semana 11'!G37 | H37: ='Semana 11'!H37 | I37: ='Semana 11'!I37 | J37: ='Semana 11'!J37 | K37: ='Semana 11'!K37 | L37: ='Semana 11'!L37 | M37: ='Semana 11'!M37 | ... R37: ='Semana 11'!R37 | S37: =I37*J37+K37*L37+M37*N37+O37*P37+Q37*R37 -> 0
C38: ='Semana 11'!C38 | D38: ='Semana 11'!D38 | F38: ='Semana 11'!F38 | G38: ='Semana 11'!G38 | H38: ='Semana 11'!H38 | I38: ='Semana 11'!I38 | J38: ='Semana 11'!J38 | K38: ='Semana 11'!K38 | L38: ='Semana 11'!L38 | M38: ='Semana 11'!M38 | ... R38: ='Semana 11'!R38 | S38: =I38*J38+K38*L38+M38*N38+O38*P38+Q38*R38 -> 0
B39: Duración de la sesión | D39: DOMS | F39: GRUPO MUSCULAR | M39: PESAJE DEL DÍA | Q39: ESFUERZO GRAL.
B41: ='Semana 11'!B41 -> DÍA 4: ESTRUCTURA | F41: Series | G41: RIR/RPE | H41: Descanso | I41: Serie 1 | K41: Serie 2 | M41: Serie 3 | O41: Serie 4 | Q41: Serie 5 | S41: Tonelaje
B42: Notas del alumno | C42: Categoría de ejercicio | D42: Ejercicios | E42: Feedback Técnico | I42: Reps | J42: Kg | K42: Reps | L42: Kg | M42: Reps | N42: Kg | O42: Reps | P42: Kg | Q42: Reps | R42: Kg
C43: ='Semana 11'!C43 | D43: ='Semana 11'!D43 | F43: ='Semana 11'!F43 | G43: ='Semana 11'!G43 | H43: ='Semana 11'!H43 | I43: ='Semana 11'!I43 | J43: ='Semana 11'!J43 | K43: ='Semana 11'!K43 | L43: ='Semana 11'!L43 | M43: ='Semana 11'!M43 | ... R43: ='Semana 11'!R43 | S43: =I43*J43+K43*L43+M43*N43+O43*P43+Q43*R43 -> 0
C44: ='Semana 11'!C44 | D44: ='Semana 11'!D44 | F44: ='Semana 11'!F44 | G44: ='Semana 11'!G44 | H44: ='Semana 11'!H44 | I44: ='Semana 11'!I44 | J44: ='Semana 11'!J44 | K44: ='Semana 11'!K44 | L44: ='Semana 11'!L44 | M44: ='Semana 11'!M44 | ... R44: ='Semana 11'!R44 | S44: =I44*J44+K44*L44+M44*N44+O44*P44+Q44*R44 -> 0
C45: ='Semana 11'!C45 | D45: ='Semana 11'!D45 | F45: ='Semana 11'!F45 | G45: ='Semana 11'!G45 | H45: ='Semana 11'!H45 | I45: ='Semana 11'!I45 | J45: ='Semana 11'!J45 | K45: ='Semana 11'!K45 | L45: ='Semana 11'!L45 | M45: ='Semana 11'!M45 | ... R45: ='Semana 11'!R45 | S45: =I45*J45+K45*L45+M45*N45+O45*P45+Q45*R45 -> 0
C46: ='Semana 11'!C46 | D46: ='Semana 11'!D46 | F46: ='Semana 11'!F46 | G46: ='Semana 11'!G46 | H46: ='Semana 11'!H46 | I46: ='Semana 11'!I46 | J46: ='Semana 11'!J46 | K46: ='Semana 11'!K46 | L46: ='Semana 11'!L46 | M46: ='Semana 11'!M46 | ... R46: ='Semana 11'!R46 | S46: =I46*J46+K46*L46+M46*N46+O46*P46+Q46*R46 -> 0
C47: ='Semana 11'!C47 | D47: ='Semana 11'!D47 | F47: ='Semana 11'!F47 | G47: ='Semana 11'!G47 | H47: ='Semana 11'!H47 | I47: ='Semana 11'!I47 | J47: ='Semana 11'!J47 | K47: ='Semana 11'!K47 | L47: ='Semana 11'!L47 | M47: ='Semana 11'!M47 | ... R47: ='Semana 11'!R47 | S47: =I47*J47+K47*L47+M47*N47+O47*P47+Q47*R47 -> 0
C48: ='Semana 11'!C48 | D48: ='Semana 11'!D48 | F48: ='Semana 11'!F48 | G48: ='Semana 11'!G48 | H48: ='Semana 11'!H48 | I48: ='Semana 11'!I48 | J48: ='Semana 11'!J48 | K48: ='Semana 11'!K48 | L48: ='Semana 11'!L48 | M48: ='Semana 11'!M48 | ... R48: ='Semana 11'!R48 | S48: =I48*J48+K48*L48+M48*N48+O48*P48+Q48*R48 -> 0
C49: ='Semana 11'!C49 | D49: ='Semana 11'!D49 | F49: ='Semana 11'!F49 | G49: ='Semana 11'!G49 | H49: ='Semana 11'!H49 | I49: ='Semana 11'!I49 | J49: ='Semana 11'!J49 | K49: ='Semana 11'!K49 | L49: ='Semana 11'!L49 | M49: ='Semana 11'!M49 | ... R49: ='Semana 11'!R49 | S49: =I49*J49+K49*L49+M49*N49+O49*P49+Q49*R49 -> 0
C50: ='Semana 11'!C50 | D50: ='Semana 11'!D50 | F50: ='Semana 11'!F50 | G50: ='Semana 11'!G50 | H50: ='Semana 11'!H50 | I50: ='Semana 11'!I50 | J50: ='Semana 11'!J50 | K50: ='Semana 11'!K50 | L50: ='Semana 11'!L50 | M50: ='Semana 11'!M50 | ... R50: ='Semana 11'!R50 | S50: =I50*J50+K50*L50+M50*N50+O50*P50+Q50*R50 -> 0
B51: Duración de la sesión | D51: DOMS | F51: GRUPO MUSCULAR | M51: PESAJE DEL DÍA | Q51: ESFUERZO GRAL.
B53: ='Semana 11'!B53 -> DÍA 5: ESTRUCTURA | F53: Series | G53: RIR/RPE | H53: Descanso | I53: Serie 1 | K53: Serie 2 | M53: Serie 3 | O53: Serie 4 | Q53: Serie 5 | S53: Tonelaje
B54: Notas del alumno | C54: Categoría de ejercicio | D54: Ejercicios | E54: Feedback Técnico | I54: Reps | J54: Kg | K54: Reps | L54: Kg | M54: Reps | N54: Kg | O54: Reps | P54: Kg | Q54: Reps | R54: Kg
C55: ='Semana 11'!C55 | D55: ='Semana 11'!D55 | F55: ='Semana 11'!F55 | G55: ='Semana 11'!G55 | H55: ='Semana 11'!H55 | I55: ='Semana 11'!I55 | J55: ='Semana 11'!J55 | K55: ='Semana 11'!K55 | L55: ='Semana 11'!L55 | M55: ='Semana 11'!M55 | ... R55: ='Semana 11'!R55 | S55: =I55*J55+K55*L55+M55*N55+O55*P55+Q55*R55 -> 0
C56: ='Semana 11'!C56 | D56: ='Semana 11'!D56 | F56: ='Semana 11'!F56 | G56: ='Semana 11'!G56 | H56: ='Semana 11'!H56 | I56: ='Semana 11'!I56 | J56: ='Semana 11'!J56 | K56: ='Semana 11'!K56 | L56: ='Semana 11'!L56 | M56: ='Semana 11'!M56 | ... R56: ='Semana 11'!R56 | S56: =I56*J56+K56*L56+M56*N56+O56*P56+Q56*R56 -> 0
C57: ='Semana 11'!C57 | D57: ='Semana 11'!D57 | F57: ='Semana 11'!F57 | G57: ='Semana 11'!G57 | H57: ='Semana 11'!H57 | I57: ='Semana 11'!I57 | J57: ='Semana 11'!J57 | K57: ='Semana 11'!K57 | L57: ='Semana 11'!L57 | M57: ='Semana 11'!M57 | ... R57: ='Semana 11'!R57 | S57: =I57*J57+K57*L57+M57*N57+O57*P57+Q57*R57 -> 0
